,,event,position,timestamp,status,rate
0,0,0,0,3,1,1
0,1,2,216,234,1,1
0,2,1,223,241,0,1
0,3,0,223,263,1,1
1,0,0,0,1,1,1
2,0,0,0,10,1,1
2,1,1,49,59,0,1
2,2,0,49,68,1,1
2,3,2,118,143,1,1
2,4,1,118,143,0,1
2,5,0,118,155,1,1
2,6,2,156,200,1,1
2,7,1,159,204,0,1
2,8,0,159,213,1,1
2,9,1,202,256,0,1
2,10,0,202,258,1,1
3,0,0,0,1,1,1
3,1,1,19,20,0,1
3,2,0,19,29,1,1
4,0,0,0,17,1,1
4,1,1,7,24,0,1
4,2,0,7,29,1,1
5,0,0,0,2,1,1
5,1,1,80,82,0,1
5,2,0,80,333,1,1
5,3,2,302,572,1,1
5,4,2,286,581,1,1
5,5,3,323,595,1,1
5,6,1,371,643,0,1
5,7,0,371,652,1,1
5,8,1,455,735,0,1
5,9,0,455,749,1,1
5,10,1,471,765,0,1
5,11,0,471,773,1,1
5,12,1,578,881,0,1
5,13,0,578,886,1,1
8,0,0,0,16,1,1
8,1,1,6,22,0,1
8,2,0,6,68,1,1
8,3,1,21,83,0,1
8,4,0,21,96,1,1
8,5,1,65,140,0,1
8,6,0,65,154,1,1
8,7,1,94,183,0,1
8,8,0,94,188,1,1
8,9,1,96,190,0,1
8,10,0,96,203,1,1
8,11,1,110,217,0,1
8,12,0,110,296,1,1
8,13,1,113,299,0,1
8,14,0,113,302,1,1
8,15,1,114,303,0,1
8,16,0,114,308,1,1
8,17,1,116,310,0,1
8,18,0,116,418,1,1
8,19,1,123,425,0,1
8,20,2,116,429,0,1
8,21,1,116,430,0,1
8,22,0,116,443,1,1
8,23,1,118,445,0,1
8,24,0,118,454,1,1
8,25,1,119,455,0,1
8,26,0,119,480,1,1
8,27,1,190,551,0,1
8,28,0,190,565,1,1
8,29,1,193,568,0,1
8,30,0,193,599,1,1
8,31,1,221,627,0,1
8,32,0,221,640,1,1
8,33,1,325,744,0,1
8,34,0,325,746,1,1
8,35,2,327,753,1,1
8,36,1,327,753,0,1
8,37,0,327,757,1,1
8,38,1,370,800,0,1
8,39,0,370,810,1,1
9,0,0,0,83,1,1
9,1,1,9,92,0,1
9,2,0,9,111,1,1
9,3,1,23,125,0,1
9,4,0,23,134,1,1
9,5,1,42,153,0,1
9,6,0,42,168,1,1
9,7,2,67,199,1,1
9,8,1,67,199,0,1
9,9,0,67,215,1,1
9,10,2,116,270,1,1
9,11,1,117,272,0,1
9,12,0,117,274,1,1
9,13,2,118,279,1,1
9,14,1,118,280,0,1
9,15,0,118,288,1,1
9,16,1,142,311,0,1
9,17,0,142,324,1,1
9,18,1,148,330,0,1
9,19,0,148,385,1,1
9,20,2,152,395,1,1
9,21,1,152,396,0,1
9,22,0,152,450,1,1
9,23,2,161,464,1,1
9,24,1,161,464,0,1
9,25,0,161,469,1,1
9,26,2,186,496,1,1
9,27,1,186,496,0,1
9,28,0,186,499,1,1
9,29,1,265,578,0,1
9,30,0,265,582,1,1
9,31,1,266,583,0,1
9,32,0,266,589,1,1
9,33,1,272,595,0,1
9,34,0,272,606,1,1
9,35,1,307,641,0,1
9,36,0,307,652,1,1
11,0,0,0,1,1,1
11,1,3,72,3,1,1
11,2,1,80,15,0,1
11,3,0,80,53,1,1
11,4,2,121,98,1,1
11,5,1,122,99,0,1
11,6,0,122,112,1,1
11,7,1,124,114,0,1
11,8,0,124,127,1,1
11,9,1,187,190,0,1
11,10,0,187,214,1,1
11,11,2,236,278,1,1
11,12,3,242,283,1,1
11,13,2,236,284,1,1
11,14,3,241,286,1,1
11,15,2,238,287,1,1
11,16,1,239,288,0,1
11,17,0,239,319,1,1
11,18,2,231,321,1,1
11,19,2,227,326,1,1
11,20,2,215,340,1,1
11,21,2,249,402,1,1
11,22,1,251,407,0,1
11,23,0,251,410,1,1
11,24,2,274,438,1,1
11,25,1,275,439,0,1
11,26,0,275,460,1,1
12,0,0,0,3,1,1
12,1,2,51,62,1,1
12,2,1,51,62,0,1
12,3,0,51,176,1,1
12,4,1,93,218,0,1
12,5,0,93,312,1,1
12,6,1,111,330,0,1
12,7,0,111,440,1,1
12,8,1,174,502,0,1
12,9,0,174,505,1,1
12,10,1,194,525,0,1
12,11,0,194,542,1,1
12,12,1,226,574,0,1
12,13,2,223,578,0,1
12,14,1,223,578,0,1
12,15,0,223,591,1,1
12,16,2,256,630,1,1
12,17,1,256,630,0,1
12,18,0,256,728,1,1
12,19,2,301,780,1,1
12,20,1,302,781,0,1
12,21,0,302,815,1,1
12,22,1,323,836,0,1
12,23,0,323,1023,1,1
12,24,1,376,1076,0,1
12,25,0,376,1080,1,1
13,0,0,0,2,1,1
13,1,2,38,50,1,1
13,2,1,39,51,0,1
13,3,0,39,84,1,1
13,4,1,50,94,0,1
13,5,0,50,124,1,1
13,6,2,67,147,1,1
13,7,1,67,148,0,1
13,8,0,67,179,1,1
13,9,1,97,209,0,1
13,10,2,91,229,0,1
13,11,1,92,231,0,1
13,12,0,92,237,1,1
13,13,1,93,238,0,1
13,14,0,93,244,1,1
13,15,1,94,245,0,1
13,16,0,94,251,1,1
13,17,1,96,253,0,1
13,18,2,95,264,0,1
13,19,1,95,264,0,1
13,20,2,103,279,0,1
13,21,1,103,279,0,1
13,22,0,103,288,1,1
13,23,2,118,306,1,1
13,24,1,118,306,0,1
13,25,0,118,368,1,1
13,26,2,150,415,1,1
13,27,1,151,418,0,1
13,28,0,151,510,1,1
13,29,1,162,521,0,1
13,30,0,162,531,1,1
13,31,1,171,540,0,1
13,32,0,171,547,1,1
13,33,1,179,555,0,1
13,34,0,179,568,1,1
13,35,1,213,602,0,1
13,36,0,213,1744,1,1
13,37,1,221,1752,0,1
13,38,0,221,1806,1,1
13,39,1,266,1850,0,1
13,40,0,266,2005,1,1
13,41,1,282,2021,0,1
13,42,0,282,2042,1,1
14,0,0,0,3,1,1
14,1,2,45,56,1,1
14,2,1,45,56,0,1
14,3,0,45,64,1,1
14,4,1,101,120,0,1
14,5,0,101,129,1,1
14,6,2,301,343,1,1
14,7,2,302,364,1,1
15,0,0,0,1,1,1
15,1,1,87,88,0,1
15,2,0,87,162,1,1
15,3,1,105,180,0,1
15,4,0,105,198,1,1
15,5,1,122,215,0,1
15,6,0,122,275,1,1
15,7,1,147,300,0,1
15,8,0,147,342,1,1
15,9,2,153,353,1,1
15,10,1,154,354,0,1
15,11,0,154,398,1,1
15,12,2,159,410,1,1
15,13,1,161,413,0,1
15,14,0,161,419,1,1
15,15,1,164,422,0,1
15,16,0,164,428,1,1
15,17,1,168,432,0,1
15,18,0,168,438,1,1
15,19,1,177,447,0,1
15,20,0,177,453,1,1
15,21,2,224,505,1,1
15,22,1,224,505,0,1
15,23,0,224,545,1,1
15,24,2,252,576,1,1
15,25,1,252,576,0,1
15,26,0,252,583,1,1
15,27,1,255,586,0,1
15,28,0,255,591,1,1
15,29,1,270,606,0,1
15,30,0,270,608,1,1
15,31,1,271,609,0,1
15,32,0,271,614,1,1
15,33,1,293,636,0,1
15,34,0,293,644,1,1
15,35,2,301,658,1,1
15,36,1,303,660,0,1
15,37,0,303,667,1,1
15,38,1,308,672,0,1
15,39,0,308,677,1,1
15,40,1,310,679,0,1
15,41,0,310,1116,1,1
15,42,2,337,1153,1,1
15,43,1,338,1155,0,1
15,44,0,338,1162,1,1
16,0,0,0,2,1,1
16,1,1,19,21,0,1
16,2,0,19,48,1,1
16,3,2,52,85,1,1
16,4,1,249,282,0,1
16,5,0,249,306,1,1
16,6,1,290,347,0,1
16,7,0,290,352,1,1
16,8,2,300,368,1,1
16,9,1,300,368,0,1
16,10,0,300,378,1,1
17,0,0,0,1,1,1
17,1,1,1,2,0,1
17,2,0,1,11,1,1
17,3,2,65,82,1,1
17,4,1,65,84,0,1
17,5,0,65,89,1,1
17,6,1,175,199,0,1
17,7,2,170,220,0,1
17,8,1,173,223,0,1
17,9,0,173,268,1,1
17,10,2,184,287,1,1
17,11,3,188,289,1,1
17,12,2,180,293,1,1
17,13,2,194,317,1,1
17,14,2,180,324,1,1
17,15,2,188,361,1,1
17,16,2,197,405,1,1
17,17,2,190,429,1,1
17,18,1,299,538,0,1
17,19,0,299,570,1,1
18,0,0,0,1,1,1
18,1,2,4,24,1,1
18,2,1,50,70,0,1
18,3,0,50,77,1,1
18,4,2,161,195,1,1
18,5,2,157,204,1,1
18,6,2,250,306,1,1
18,7,1,300,356,0,1
18,8,0,300,418,1,1
18,9,1,315,433,0,1
18,10,0,315,441,1,1
18,11,1,319,445,0,1
18,12,0,319,495,1,1
18,13,1,324,500,0,1
18,14,0,324,882,1,1
19,0,0,0,1,1,1
19,1,1,9,10,0,1
19,2,0,9,19,1,1
19,3,2,302,317,1,1
19,4,1,304,319,0,1
19,5,0,304,329,1,1
19,6,1,347,372,0,1
19,7,0,347,375,1,1
19,8,2,408,439,1,1
19,9,3,433,441,1,1
20,0,0,0,1,1,1
20,1,2,8,17,1,1
20,2,2,204,229,1,1
22,0,0,0,1,1,1
22,1,1,21,21,0,1
22,2,0,21,83,1,1
22,3,2,65,135,1,1
22,4,2,179,260,1,1
22,5,1,179,260,0,1
22,6,0,179,262,1,1
22,7,1,185,268,0,1
22,8,0,185,402,1,1
25,0,0,0,1,1,1
26,0,0,0,1,1,1
28,0,0,0,1,1,1
28,1,1,188,188,0,1
28,2,0,188,221,1,1
29,0,0,0,1,1,1
29,1,3,402,338,1,1
30,0,0,0,1,1,1
31,0,0,0,1,1,1
31,1,2,67,145,1,1
31,2,1,255,333,0,1
31,3,0,255,340,1,1
31,4,2,182,393,1,1
31,5,1,182,393,0,1
31,6,2,131,397,0,1
31,7,3,155,401,0,1
31,8,3,167,406,0,1
31,9,1,167,406,0,1
31,10,3,173,418,0,1
31,11,1,195,440,0,1
31,12,3,310,444,0,1
31,13,1,310,444,0,1
32,0,0,0,2,1,1
33,0,0,0,3,1,1
34,0,0,0,1,1,1
34,1,1,69,69,0,1
34,2,0,69,2173,1,1
34,3,2,145,2268,1,1
34,4,2,150,2288,1,1
34,5,2,165,2317,1,1
34,6,1,208,2360,0,1
34,7,0,208,2594,1,1
34,8,2,223,2615,1,1
34,9,1,225,2617,0,1
34,10,0,225,2643,1,1
34,11,2,249,2673,1,1
34,12,1,253,2678,0,1
34,13,0,253,2699,1,1
34,14,1,255,2701,0,1
34,15,0,255,3855,1,1
34,16,2,257,3861,1,1
34,17,2,281,3895,1,1
34,18,1,302,3916,0,1
34,19,0,302,4651,1,1
34,20,2,371,4730,1,1
35,0,0,0,1,1,1
35,1,1,199,199,0,1
35,2,0,199,204,1,1
36,0,0,0,1,1,1
36,1,1,12,13,0,1
36,2,0,12,64,1,1
36,3,1,36,88,0,1
36,4,0,36,268,1,1
36,5,1,73,305,0,1
36,6,0,73,313,1,1
36,7,2,52,321,1,1
36,8,2,45,326,1,1
36,9,3,67,328,1,1
36,10,1,87,350,0,1
36,11,0,87,362,1,1
36,12,1,110,385,0,1
36,13,0,110,394,1,1
36,14,2,154,444,1,1
36,15,1,154,445,0,1
36,16,0,154,456,1,1
36,17,1,253,554,0,1
36,18,0,253,561,1,1
36,19,1,366,674,0,1
36,20,0,366,680,1,1
37,0,0,0,2,1,1
37,1,1,167,168,0,1
37,2,0,167,643,1,1
37,3,2,219,711,1,1
37,4,3,236,722,1,1
37,5,2,235,728,1,1
38,0,0,0,2,1,1
38,1,2,15,30,1,1
38,2,2,46,70,1,1
38,3,3,57,77,1,1
38,4,1,63,83,0,1
38,5,0,63,131,1,1
38,6,2,63,138,1,1
38,7,1,82,157,0,1
38,8,0,82,159,1,1
38,9,2,324,408,1,1
40,0,0,0,2,1,1
40,1,2,58,78,1,1
40,2,3,75,87,1,1
49,0,0,0,1,1,1
49,1,1,4,5,0,1
49,2,0,4,10,1,1
49,3,1,6,12,0,1
49,4,0,6,31,1,1
50,0,0,0,1,1,1
50,1,1,208,208,0,1
50,2,0,208,571,1,1
50,3,1,245,608,0,1
50,4,0,245,1114,1,1
51,0,0,0,1,1,1
53,0,0,0,1,1,1
54,0,0,0,1,1,1
55,0,0,0,1,1,1
56,0,0,0,2,1,1
57,0,0,0,1,1,1
57,1,2,154,159,1,1
58,0,0,0,3,1,1
58,1,2,206,221,1,1
60,0,0,0,3,1,1
61,0,0,0,2,1,1
62,0,0,5,40,1,1
62,1,1,17,52,0,1
62,2,0,17,107,1,1
62,3,1,75,165,0,1
62,4,0,75,184,1,1
62,5,1,79,188,0,1
62,6,0,79,223,1,1
62,7,1,135,279,0,1
62,8,0,135,290,1,1
62,9,1,137,292,0,1
62,10,0,137,328,1,1
62,11,1,178,368,0,1
62,12,0,178,389,1,1
63,0,0,0,5,1,1
63,1,1,16,21,0,1
63,2,0,16,32,1,1
64,0,0,0,8,1,1
64,1,1,2,10,0,1
64,2,0,2,13,1,1
64,3,1,5,16,0,1
64,4,0,5,20,1,1
64,5,1,30,45,0,1
64,6,0,30,48,1,1
64,7,1,40,58,0,1
64,8,0,40,61,1,1
64,9,2,201,553,1,1
64,10,3,220,557,1,1
64,11,3,228,562,1,1
64,12,3,247,567,1,1
64,13,3,554,580,1,1
65,0,0,0,37,1,1
65,1,1,1,38,0,1
65,2,0,1,40,1,1
65,3,1,2,41,0,1
65,4,0,2,44,1,1
65,5,3,8,48,1,1
65,6,1,8,48,0,1
65,7,0,8,52,1,1
65,8,1,10,54,0,1
65,9,0,10,58,1,1
65,10,1,15,63,0,1
65,11,0,15,65,1,1
65,12,1,18,68,0,1
65,13,0,18,74,1,1
65,14,1,27,83,0,1
65,15,0,27,88,1,1
65,16,1,34,95,0,1
65,17,0,34,98,1,1
65,18,1,54,118,0,1
65,19,0,54,121,1,1
65,20,1,57,124,0,1
65,21,0,57,183,1,1
65,22,1,122,248,0,1
65,23,0,122,291,1,1
65,24,0,125,296,1,1
65,25,1,126,297,0,1
65,26,0,126,300,1,1
65,27,1,129,303,0,1
65,28,0,129,309,1,1
65,29,1,137,317,0,1
65,30,0,137,324,1,1
65,31,1,147,334,0,1
65,32,0,147,337,1,1
65,33,1,155,345,0,1
65,34,0,155,351,1,1
65,35,1,162,358,0,1
65,36,0,162,404,1,1
65,37,1,229,471,0,1
65,38,0,229,513,1,1
65,39,1,310,593,0,1
65,40,0,310,596,1,1
65,41,1,312,599,0,1
65,42,0,312,601,1,1
65,43,1,371,659,0,1
65,44,0,371,664,1,1
65,45,1,391,683,0,1
65,46,0,391,686,1,1
65,47,1,412,707,0,1
65,48,0,412,756,1,1
66,0,0,0,1,1,1
66,1,1,36,36,0,1
66,2,0,36,40,1,1
66,3,1,38,42,0,1
66,4,0,38,45,1,1
66,5,2,35,52,1,1
66,6,2,33,58,1,1
66,7,2,44,81,1,1
66,8,3,48,87,1,1
66,9,2,264,309,1,1
67,0,0,0,3,1,1
67,1,1,3,7,0,1
67,2,0,3,10,1,1
67,3,2,164,183,1,1
67,4,1,303,322,0,1
67,5,0,303,324,1,1
67,6,1,304,325,0,1
67,7,0,304,329,1,1
68,0,0,0,1,1,1
69,0,0,0,1,1,1
70,0,0,0,1,1,1
71,0,0,0,1,1,1
72,0,0,0,2,1,1
73,0,0,0,1,1,1
73,1,1,251,251,0,1
73,2,0,251,253,1,1
74,0,0,0,2,1,1
74,1,1,483,484,0,1
75,0,0,0,2,1,1
75,1,1,61,63,0,1
75,2,0,61,76,1,1
75,3,1,296,310,0,1
75,4,0,296,322,1,1
76,0,0,0,9,1,1
76,1,1,1,10,0,1
76,2,0,1,24,1,1
76,3,1,3,26,0,1
76,4,0,3,38,1,1
76,5,1,9,44,0,1
76,6,0,9,49,1,1
76,7,1,16,56,0,1
76,8,0,16,64,1,1
76,9,1,21,69,0,1
76,10,0,21,87,1,1
76,11,1,25,91,0,1
76,12,0,25,115,1,1
76,13,1,26,116,0,1
76,14,0,26,157,1,1
76,15,1,29,160,0,1
76,16,0,29,175,1,1
76,17,1,33,179,0,1
76,18,0,33,189,1,1
76,19,1,38,194,0,1
76,20,0,38,202,1,1
76,21,1,42,206,0,1
76,22,0,42,214,1,1
76,23,1,46,218,0,1
76,24,0,46,226,1,1
76,25,1,50,230,0,1
76,26,0,50,235,1,1
76,27,1,55,240,0,1
76,28,0,55,247,1,1
76,29,1,58,250,0,1
76,30,0,58,366,1,1
76,31,1,110,418,0,1
76,32,0,110,444,1,1
76,33,1,116,450,0,1
76,34,0,116,586,1,1
76,35,1,148,618,0,1
76,36,0,148,623,1,1
76,37,1,149,624,0,1
76,38,0,149,627,1,1
76,39,1,150,628,0,1
76,40,0,150,908,1,1
76,41,1,169,927,0,1
76,42,0,169,932,1,1
76,43,1,170,933,0,1
76,44,0,170,935,1,1
76,45,1,171,936,0,1
76,46,0,171,952,1,1
76,47,1,172,953,0,1
76,48,0,172,987,1,1
76,49,1,176,991,0,1
76,50,0,176,1015,1,1
76,51,1,180,1019,0,1
76,52,0,180,1040,1,1
76,53,1,184,1044,0,1
76,54,0,184,1064,1,1
76,55,1,189,1069,0,1
76,56,0,189,1079,1,1
76,57,1,193,1083,0,1
76,58,0,193,1091,1,1
76,59,1,197,1095,0,1
76,60,0,197,1104,1,1
76,61,1,200,1107,0,1
76,62,0,200,1125,1,1
76,63,1,204,1129,0,1
76,64,0,204,1156,1,1
76,65,1,208,1160,0,1
76,66,0,208,1180,1,1
76,67,1,211,1183,0,1
76,68,0,211,1207,1,1
76,69,1,215,1211,0,1
76,70,0,215,1232,1,1
76,71,1,218,1235,0,1
76,72,0,218,1272,1,1
76,73,1,222,1276,0,1
76,74,0,222,1307,1,1
76,75,1,225,1310,0,1
76,76,0,225,1340,1,1
76,77,1,228,1343,0,1
76,78,0,228,1378,1,1
76,79,1,231,1381,0,1
76,80,0,231,1412,1,1
76,81,1,235,1416,0,1
76,82,0,235,1445,1,1
76,83,1,239,1449,0,1
76,84,0,239,1472,1,1
76,85,1,242,1475,0,1
76,86,0,242,1495,1,1
76,87,1,246,1499,0,1
76,88,0,246,1511,1,1
76,89,1,250,1515,0,1
76,90,0,250,1531,1,1
76,91,1,253,1534,0,1
76,92,0,253,1556,1,1
76,93,1,257,1560,0,1
76,94,0,257,1584,1,1
76,95,1,260,1587,0,1
76,96,0,260,1611,1,1
76,97,1,264,1615,0,1
76,98,0,264,1642,1,1
76,99,1,268,1646,0,1
76,100,0,268,1672,1,1
76,101,1,272,1676,0,1
76,102,0,272,1700,1,1
76,103,1,276,1704,0,1
76,104,0,276,1724,1,1
76,105,1,280,1728,0,1
76,106,0,280,1742,1,1
76,107,1,285,1747,0,1
76,108,0,285,1756,1,1
76,109,1,290,1761,0,1
76,110,0,290,1774,1,1
76,111,1,293,1777,0,1
76,112,0,293,1804,1,1
76,113,1,297,1808,0,1
76,114,0,297,1840,1,1
76,115,1,300,1843,0,1
76,116,0,300,1863,1,1
76,117,1,303,1866,0,1
76,118,0,303,1894,1,1
76,119,1,307,1898,0,1
76,120,0,307,1914,1,1
76,121,1,310,1917,0,1
76,122,0,310,1936,1,1
76,123,1,313,1939,0,1
76,124,0,313,1961,1,1
76,125,1,317,1966,0,1
76,126,0,317,1977,1,1
76,127,1,321,1981,0,1
76,128,0,321,1998,1,1
76,129,1,325,2002,0,1
76,130,0,325,2040,1,1
76,131,1,329,2044,0,1
76,132,0,329,2093,1,1
76,133,1,330,2094,0,1
76,134,0,330,2262,1,1
76,135,1,334,2266,0,1
76,136,0,334,2269,1,1
77,0,0,0,3,1,1
77,1,1,24,27,0,1
77,2,0,24,37,1,1
77,3,2,280,305,1,1
78,0,0,0,2,1,1
78,1,1,318,319,0,1
78,2,0,318,322,1,1
78,3,1,319,323,0,1
78,4,0,319,345,1,1
78,5,1,320,346,0,1
78,6,0,320,397,1,1
78,7,1,322,399,0,1
78,8,0,322,428,1,1
78,9,1,325,431,0,1
78,10,0,325,445,1,1
78,11,1,330,450,0,1
78,12,0,330,461,1,1
78,13,1,335,466,0,1
78,14,0,335,486,1,1
78,15,1,339,490,0,1
78,16,0,339,500,1,1
78,17,1,342,503,0,1
78,18,0,342,510,1,1
78,19,1,374,541,0,1
78,20,0,374,582,1,1
78,21,1,381,589,0,1
78,22,0,381,595,1,1
78,23,1,387,601,0,1
78,24,0,387,609,1,1
78,25,1,399,621,0,1
78,26,0,399,626,1,1
78,27,1,405,632,0,1
78,28,0,405,636,1,1
78,29,1,457,688,0,1
78,30,0,457,690,1,1
79,0,0,0,1,1,1
79,1,2,341,349,1,1
80,0,0,0,2,1,1
80,1,1,62,63,0,1
80,2,0,62,65,1,1
80,3,2,53,79,1,1
80,4,2,59,94,1,1
80,5,1,62,97,0,1
80,6,0,62,140,1,1
80,7,1,131,209,0,1
80,8,0,131,255,1,1
80,9,2,180,318,1,1
80,10,2,270,431,1,1
80,11,2,309,481,1,1
80,12,1,309,481,0,1
80,13,0,309,534,1,1
80,14,1,341,566,0,1
80,15,0,341,718,1,1
80,16,1,404,780,0,1
80,17,0,404,845,1,1
80,18,1,471,912,0,1
80,19,0,471,996,1,1
81,0,0,0,2,1,1
81,1,1,33,34,0,1
81,2,0,33,556,1,1
81,3,1,155,677,0,1
81,4,0,155,832,1,1
81,5,2,283,968,1,1
81,6,1,284,970,0,1
81,7,0,284,988,1,1
81,8,2,296,1005,1,1
81,9,1,296,1005,0,1
81,10,0,296,1024,1,1
81,11,2,334,1065,1,1
81,12,1,334,1065,0,1
81,13,0,334,1173,1,1
81,14,2,395,1241,1,1
81,15,1,396,1243,0,1
81,16,0,396,1262,1,1
81,17,1,424,1290,0,1
81,18,0,424,1332,1,1
82,0,0,0,2,1,1
83,0,0,0,11,1,1
84,0,0,0,2,1,1
85,0,0,0,1,1,1
85,1,1,408,408,0,1
85,2,0,408,433,1,1
86,0,0,0,3,1,1
86,1,2,15,23,1,1
86,2,2,333,346,1,1
87,0,0,0,3,1,1
88,0,0,0,1,1,1
89,0,0,0,1,1,1
94,0,0,0,1,1,1
96,0,0,0,3,1,1
96,1,1,1,4,0,1
96,2,0,1,6,1,1
96,3,1,16,21,0,1
96,4,0,16,24,1,1
96,5,2,11,35,1,1
96,6,2,269,303,1,1
96,7,2,284,324,1,1
96,8,1,381,420,0,1
96,9,0,381,425,1,1
97,0,0,0,1,1,1
97,1,1,56,57,0,1
97,2,0,56,74,1,1
97,3,1,122,140,0,1
97,4,0,122,211,1,1
97,5,2,122,216,1,1
97,6,3,270,348,1,1
97,7,2,384,471,1,1
98,0,0,0,1,1,1
98,1,3,15,7,1,1
98,2,1,15,7,0,1
98,3,0,15,9,1,1
98,4,1,17,11,0,1
98,5,0,17,14,1,1
98,6,1,19,16,0,1
98,7,0,19,26,1,1
98,8,1,23,30,0,1
98,9,0,23,43,1,1
98,10,1,28,48,0,1
98,11,0,28,58,1,1
98,12,1,31,61,0,1
98,13,0,31,77,1,1
98,14,1,34,80,0,1
98,15,0,34,85,1,1
98,16,2,235,310,1,1
98,17,1,235,310,0,1
98,18,0,235,313,1,1
100,0,0,0,1,1,1
101,0,0,0,1,1,1
101,1,3,17,3,1,1
101,2,1,310,297,0,1
101,3,0,310,304,1,1
102,0,0,0,3,1,1
102,1,2,97,114,1,1
102,2,2,280,306,1,1
103,0,0,0,3,1,1
103,1,2,13,22,1,1
103,2,1,13,22,0,1
103,3,0,13,30,1,1
103,4,2,266,308,1,1
103,5,3,272,313,1,1
103,6,1,285,327,0,1
103,7,0,285,335,1,1
107,0,0,0,1,1,1
107,1,1,124,124,0,1
107,2,0,124,513,1,1
112,0,0,0,1,1,1
112,1,1,41,42,0,1
112,2,0,41,54,1,1
113,0,0,0,1,1,1
113,1,1,83,83,0,1
113,2,0,83,99,1,1
114,0,0,0,1,1,1
115,0,0,0,1,1,1
115,1,1,26,26,0,1
115,2,0,26,548,1,1
116,0,0,0,1,1,1
117,0,0,0,1,1,1
117,1,1,132,132,0,1
117,2,2,105,137,0,1
117,3,1,120,154,0,1
117,4,0,120,255,1,1
117,5,1,225,360,0,1
117,6,0,225,509,1,1
117,7,1,271,555,0,1
117,8,0,271,557,1,1
117,9,1,277,563,0,1
117,10,0,277,689,1,1
117,11,1,381,793,0,1
117,12,0,381,838,1,1
117,13,1,529,986,0,1
117,14,0,529,1011,1,1
117,15,1,669,1150,0,1
117,16,0,669,1239,1,1
118,0,0,0,2,1,1
118,1,2,33,75,1,1
118,2,3,87,87,1,1
118,3,1,123,127,0,1
118,4,0,123,150,1,1
118,5,2,212,255,1,1
118,6,1,212,255,0,1
118,7,0,212,289,1,1
118,8,1,219,296,0,1
118,9,0,219,318,1,1
118,10,2,297,414,1,1
118,11,2,399,528,1,1
118,12,1,712,840,0,1
118,13,0,712,878,1,1
119,0,0,0,2,1,1
119,1,1,1,3,0,1
119,2,0,1,5,1,1
119,3,1,3,7,0,1
119,4,0,3,10,1,1
119,5,1,62,69,0,1
119,6,0,62,77,1,1
119,7,2,116,139,1,1
119,8,1,119,143,0,1
119,9,0,119,153,1,1
119,10,1,164,198,0,1
119,11,0,164,288,1,1
119,12,2,319,453,1,1
119,13,1,320,454,0,1
119,14,0,320,458,1,1
119,15,2,486,636,1,1
119,16,1,494,644,0,1
119,17,0,494,667,1,1
120,0,0,0,1,1,1
120,1,1,63,64,0,1
120,2,0,63,75,1,1
120,3,1,200,211,0,1
120,4,0,200,256,1,1
120,5,1,265,321,0,1
120,6,0,265,353,1,1
120,7,2,318,411,1,1
120,8,1,318,411,0,1
120,9,0,318,493,1,1
121,0,0,0,4,1,1
122,0,0,0,1,1,1
122,1,1,158,160,0,1
122,2,0,158,186,1,1
122,3,1,258,286,0,1
122,4,0,258,299,1,1
122,5,1,292,333,0,1
122,6,0,292,355,1,1
122,7,2,308,377,1,1
122,8,1,309,378,0,1
122,9,0,309,382,1,1
122,10,1,311,384,0,1
122,11,0,311,388,1,1
122,12,2,309,391,1,1
122,13,1,355,437,0,1
122,14,0,355,451,1,1
122,15,1,458,554,0,1
122,16,0,458,567,1,1
123,0,0,0,2,1,1
123,1,1,76,77,0,1
123,2,0,76,111,1,1
123,3,2,139,181,1,1
123,4,1,140,182,0,1
123,5,0,140,188,1,1
123,6,1,192,240,0,1
123,7,0,192,278,1,1
123,8,1,253,339,0,1
123,9,0,253,346,1,1
123,10,1,263,355,0,1
123,11,0,263,384,1,1
124,0,0,0,1,1,1
124,1,3,454,374,1,1
125,0,0,0,1,1,1
125,1,3,313,259,1,1
126,0,0,0,1,1,1
126,1,2,93,103,1,1
126,2,1,93,103,0,1
126,3,0,93,109,1,1
126,4,1,121,137,0,1
126,5,0,121,181,1,1
126,6,1,137,197,0,1
126,7,0,137,199,1,1
126,8,1,220,283,0,1
126,9,0,220,288,1,1
126,10,1,250,317,0,1
126,11,0,250,337,1,1
126,12,1,277,364,0,1
126,13,0,277,423,1,1
126,14,2,304,461,1,1
126,15,1,304,462,0,1
126,16,0,304,490,1,1
126,17,2,349,540,1,1
126,18,1,349,540,0,1
126,19,0,349,543,1,1
126,20,2,342,575,1,1
126,21,2,328,580,1,1
126,22,3,342,582,1,1
126,23,1,343,583,0,1
126,24,3,373,590,0,1
126,25,2,420,643,0,1
126,26,1,422,645,0,1
126,27,0,422,655,1,1
126,28,1,464,698,0,1
126,29,0,464,722,1,1
126,30,1,477,735,0,1
126,31,0,477,740,1,1
126,32,1,494,757,0,1
126,33,0,494,763,1,1
126,34,1,551,820,0,1
126,35,2,542,865,0,1
126,36,2,533,870,0,1
126,37,1,551,889,0,1
126,38,3,574,952,0,1
126,39,2,547,957,0,1
126,40,2,575,1002,0,1
126,41,2,560,1009,0,1
126,42,1,571,1020,0,1
126,43,0,571,1048,1,1
126,44,1,613,1090,0,1
126,45,0,613,1104,1,1
126,46,1,643,1134,0,1
126,47,0,643,1139,1,1
126,48,2,642,1147,1,1
126,49,1,643,1150,0,1
126,50,0,643,1157,1,1
126,51,2,660,1183,1,1
126,52,1,660,1183,0,1
126,53,0,660,1353,1,1
126,54,1,762,1455,0,1
126,55,0,762,1476,1,1
130,0,0,0,1,1,1
130,1,1,4,5,0,1
130,2,0,4,22,1,1
130,3,1,74,91,0,1
130,4,0,74,286,1,1
130,5,1,195,407,0,1
130,6,0,195,410,1,1
130,7,2,232,453,1,1
130,8,1,232,453,0,1
130,9,0,232,463,1,1
130,10,1,252,483,0,1
130,11,0,252,496,1,1
130,12,1,308,551,0,1
130,13,0,308,558,1,1
130,14,1,314,564,0,1
130,15,0,314,570,1,1
130,16,2,315,577,1,1
130,17,2,308,582,1,1
130,18,2,463,766,1,1
130,19,1,463,767,0,1
130,20,0,463,774,1,1
130,21,3,482,786,1,1
142,0,0,0,5,1,1
145,0,0,0,1,1,1
149,0,0,0,1,1,1
149,1,1,241,241,0,1
149,2,0,241,277,1,1
152,0,0,0,1,1,1
152,1,3,52,27,1,1
152,2,3,77,33,1,1
152,3,3,113,39,1,1
152,4,3,152,46,1,1
152,5,3,195,51,1,1
152,6,3,219,58,1,1
152,7,3,254,63,1,1
152,8,3,305,68,1,1
152,9,3,339,75,1,1
152,10,3,372,81,1,1
152,11,3,400,87,1,1
152,12,3,412,92,1,1
152,13,3,448,99,1,1
152,14,3,482,106,1,1
152,15,3,512,112,1,1
153,0,0,0,1,1,1
153,1,1,522,521,0,1
153,2,0,522,633,1,1
153,3,2,0,650,1,1
153,4,3,14,654,1,1
153,5,1,14,657,0,1
153,6,0,14,661,1,1
153,7,3,25,663,1,1
153,8,3,59,668,1,1
153,9,3,81,673,1,1
153,10,3,114,678,1,1
153,11,3,146,684,1,1
153,12,3,196,691,1,1
153,13,3,233,696,1,1
153,14,3,265,703,1,1
153,15,3,298,708,1,1
153,16,3,322,713,1,1
153,17,3,356,718,1,1
153,18,2,357,723,1,1
153,19,3,387,724,1,1
153,20,3,409,732,1,1
153,21,3,448,737,1,1
153,22,3,487,742,1,1
153,23,3,521,747,1,1
153,24,3,545,752,1,1
155,0,0,0,1,1,1
155,1,2,260,265,1,1
155,2,3,398,266,1,1
156,0,0,0,1,1,1
156,1,3,93,3,1,1
156,2,2,12,10,1,1
156,3,2,16,70,1,1
156,4,3,57,107,1,1
156,5,3,214,112,1,1
156,6,2,212,114,1,1
156,7,2,201,121,1,1
156,8,2,215,140,1,1
156,9,1,215,140,0,1
156,10,3,308,146,0,1
156,11,1,308,146,0,1
156,12,0,308,148,1,1
159,0,0,0,2,1,1
159,1,3,48,6,1,1
159,2,3,90,12,1,1
159,3,3,100,23,1,1
159,4,3,113,31,1,1
159,5,3,124,37,1,1
159,6,3,172,52,1,1
159,7,3,208,68,1,1
159,8,1,211,73,0,1
159,9,0,211,80,1,1
159,10,3,271,93,1,1
159,11,2,267,109,1,1
159,12,2,257,114,1,1
159,13,3,298,115,1,1
159,14,3,338,122,1,1
159,15,3,343,127,1,1
159,16,1,345,129,0,1
159,17,3,386,139,0,1
159,18,3,431,155,0,1
159,19,1,434,162,0,1
159,20,3,507,168,0,1
159,21,1,507,168,0,1
161,0,0,0,1,1,1
161,1,3,103,11,1,1
161,2,3,156,27,1,1
161,3,3,180,32,1,1
161,4,3,213,40,1,1
161,5,3,243,50,1,1
162,0,0,0,1,1,1
162,1,1,412,411,0,1
162,2,0,412,416,1,1
162,3,1,414,418,0,1
162,4,0,414,422,1,1
162,5,1,418,426,0,1
162,6,0,418,435,1,1
162,7,1,423,440,0,1
162,8,0,423,449,1,1
162,9,1,513,539,0,1
162,10,0,513,547,1,1
162,11,1,518,552,0,1
162,12,0,518,560,1,1
163,0,0,0,1,1,1
163,1,1,227,227,0,1
163,2,0,227,252,1,1
163,3,1,231,257,0,1
163,4,0,231,265,1,1
163,5,1,370,404,0,1
163,6,0,370,828,1,1
164,0,0,0,1,1,1
164,1,1,5,6,0,1
164,2,0,5,317,1,1
165,0,0,0,6,1,1
166,0,0,0,7,1,1
167,0,0,0,4,1,1
167,1,1,18,22,0,1
167,2,0,18,49,1,1
167,3,1,458,487,0,1
167,4,0,458,840,1,1
168,0,0,0,3,1,1
169,0,0,0,1,1,1
169,1,1,4,5,0,1
169,2,0,4,10,1,1
169,3,1,5,11,0,1
169,4,0,5,23,1,1
169,5,1,9,27,0,1
169,6,0,9,33,1,1
169,7,1,13,37,0,1
169,8,0,13,40,1,1
169,9,1,159,185,0,1
169,10,0,159,199,1,1
169,11,1,170,210,0,1
169,12,0,170,217,1,1
169,13,1,199,246,0,1
169,14,0,199,259,1,1
169,15,1,204,264,0,1
169,16,0,204,309,1,1
169,17,1,209,314,0,1
169,18,0,209,316,1,1
169,19,1,270,377,0,1
169,20,0,270,385,1,1
169,21,1,276,391,0,1
169,22,0,276,399,1,1
169,23,1,289,412,0,1
169,24,0,289,414,1,1
169,25,1,294,419,0,1
169,26,0,294,429,1,1
169,27,1,310,445,0,1
169,28,0,310,448,1,1
169,29,1,322,460,0,1
169,30,0,322,469,1,1
169,31,1,335,482,0,1
169,32,0,335,490,1,1
169,33,1,341,496,0,1
169,34,0,341,503,1,1
169,35,1,370,532,0,1
169,36,0,370,542,1,1
169,37,1,390,562,0,1
169,38,0,390,565,1,1
169,39,1,395,570,0,1
169,40,0,395,577,1,1
169,41,1,402,584,0,1
169,42,0,402,589,1,1
169,43,1,406,593,0,1
169,44,0,406,597,1,1
169,45,1,411,602,0,1
169,46,0,411,617,1,1
169,47,1,415,621,0,1
169,48,0,415,632,1,1
169,49,1,418,635,0,1
169,50,0,418,657,1,1
169,51,1,423,662,0,1
169,52,0,423,671,1,1
169,53,1,430,678,0,1
169,54,0,430,682,1,1
169,55,1,445,697,0,1
169,56,0,445,702,1,1
169,57,1,459,716,0,1
169,58,0,459,720,1,1
169,59,1,464,725,0,1
169,60,0,464,732,1,1
169,61,1,467,735,0,1
169,62,0,467,744,1,1
169,63,1,472,749,0,1
169,64,0,472,758,1,1
169,65,1,476,762,0,1
169,66,0,476,782,1,1
169,67,1,479,785,0,1
169,68,0,479,798,1,1
169,69,1,482,801,0,1
169,70,0,482,825,1,1
169,71,1,498,841,0,1
169,72,2,494,1015,0,1
169,73,1,498,1019,0,1
169,74,3,518,1027,0,1
169,75,1,522,1032,0,1
169,76,0,522,1034,1,1
169,77,1,541,1053,0,1
169,78,0,541,1056,1,1
171,0,0,0,2,1,1
172,0,0,0,3,1,1
173,0,0,0,1,1,1
174,0,0,0,1,1,1
175,0,0,0,1,1,1
175,1,1,208,208,0,1
175,2,0,208,266,1,1
175,3,2,261,335,1,1
176,0,0,0,1,1,1
176,1,3,127,3,1,1
176,2,1,127,3,0,1
176,3,0,127,5,1,1
176,4,3,148,9,1,1
176,5,2,166,36,1,1
176,6,2,167,44,1,1
176,7,2,196,79,1,1
176,8,2,229,123,1,1
176,9,2,335,239,1,1
176,10,1,335,241,0,1
176,11,0,335,297,1,1
176,12,2,403,371,1,1
176,13,1,429,397,0,1
176,14,0,429,564,1,1
177,0,0,0,1,1,1
178,0,0,0,1,1,1
178,1,1,5,6,0,1
178,2,0,5,9,1,1
178,3,1,6,10,0,1
178,4,0,6,15,1,1
178,5,1,9,18,0,1
178,6,0,9,27,1,1
178,7,1,33,51,0,1
178,8,0,33,57,1,1
178,9,1,45,69,0,1
178,10,0,45,83,1,1
178,11,1,49,87,0,1
178,12,0,49,94,1,1
178,13,1,53,98,0,1
178,14,0,53,106,1,1
178,15,1,59,112,0,1
178,16,0,59,122,1,1
178,17,1,63,126,0,1
178,18,0,63,146,1,1
178,19,1,69,152,0,1
178,20,0,69,158,1,1
178,21,1,74,163,0,1
178,22,0,74,169,1,1
178,23,1,79,174,0,1
178,24,0,79,180,1,1
178,25,1,84,184,0,1
178,26,0,84,195,1,1
178,27,1,88,199,0,1
178,28,0,88,226,1,1
178,29,1,91,229,0,1
178,30,0,91,239,1,1
178,31,1,96,244,0,1
178,32,0,96,254,1,1
178,33,1,99,257,0,1
178,34,0,99,268,1,1
178,35,1,104,273,0,1
178,36,0,104,280,1,1
178,37,1,110,286,0,1
178,38,0,110,294,1,1
178,39,1,114,298,0,1
178,40,0,114,321,1,1
178,41,1,120,327,0,1
178,42,0,120,337,1,1
178,43,1,126,343,0,1
178,44,0,126,353,1,1
178,45,1,132,359,0,1
178,46,0,132,363,1,1
178,47,1,140,371,0,1
178,48,0,140,374,1,1
178,49,1,153,387,0,1
178,50,0,153,391,1,1
179,0,0,0,11,1,1
179,1,1,1,12,0,1
179,2,0,1,23,1,1
179,3,1,3,25,0,1
179,4,0,3,33,1,1
179,5,1,7,37,0,1
179,6,0,7,50,1,1
179,7,1,97,140,0,1
179,8,0,97,144,1,1
179,9,2,236,291,1,1
180,0,0,0,1,1,1
180,1,3,59,4,1,1
180,2,3,101,9,1,1
180,3,3,106,16,1,1
180,4,2,399,318,1,1
181,0,0,0,1,1,1
181,1,1,45,46,0,1
181,2,0,45,84,1,1
182,0,0,0,1,1,1
183,0,0,0,1,1,1
184,0,0,0,2,1,1
185,0,0,0,4,1,1
185,1,1,1,5,0,1
185,2,0,1,7,1,1
186,0,0,0,1,1,1
189,0,0,0,1,1,1
190,0,0,0,1,1,1
191,0,0,0,1,1,1
191,1,1,39,40,0,1
191,2,0,39,44,1,1
191,3,1,47,52,0,1
191,4,0,47,54,1,1
191,5,1,61,68,0,1
191,6,0,61,71,1,1
191,7,2,176,189,1,1
191,8,1,176,189,0,1
191,9,0,176,192,1,1
191,10,1,181,197,0,1
191,11,0,181,200,1,1
192,0,0,0,5,1,1
192,1,1,1,6,0,1
192,2,3,175,9,0,1
192,3,1,178,13,0,1
192,4,0,178,20,1,1
192,5,1,179,21,0,1
192,6,0,179,24,1,1
192,7,1,184,29,0,1
192,8,0,184,40,1,1
192,9,1,192,48,0,1
192,10,0,192,50,1,1
192,11,1,193,51,0,1
192,12,0,193,55,1,1
192,13,2,196,64,1,1
192,14,1,197,68,0,1
192,15,0,197,70,1,1
192,16,1,202,75,0,1
192,17,0,202,85,1,1
192,18,2,233,120,1,1
192,19,1,233,120,0,1
192,20,0,233,122,1,1
192,21,1,238,127,0,1
192,22,0,238,131,1,1
192,23,1,259,153,0,1
192,24,0,259,155,1,1
192,25,1,261,157,0,1
192,26,0,261,161,1,1
192,27,1,264,164,0,1
192,28,0,264,168,1,1
192,29,1,269,173,0,1
192,30,0,269,176,1,1
192,31,1,277,184,0,1
192,32,0,277,189,1,1
192,33,1,283,195,0,1
192,34,0,283,200,1,1
192,35,1,287,204,0,1
192,36,0,287,215,1,1
192,37,1,297,225,0,1
192,38,0,297,229,1,1
192,39,1,307,239,0,1
192,40,0,307,244,1,1
192,41,1,312,249,0,1
192,42,0,312,253,1,1
192,43,1,316,257,0,1
192,44,0,316,264,1,1
192,45,1,322,270,0,1
192,46,0,322,295,1,1
192,47,1,337,309,0,1
192,48,0,337,312,1,1
192,49,2,376,356,1,1
192,50,1,376,357,0,1
192,51,0,376,360,1,1
192,52,1,386,372,0,1
192,53,0,386,375,1,1
192,54,2,404,397,1,1
192,55,1,404,397,0,1
192,56,0,404,399,1,1
192,57,1,409,404,0,1
192,58,0,409,432,1,1
192,59,1,431,455,0,1
192,60,0,431,468,1,1
193,0,0,0,1,1,1
193,1,1,82,82,0,1
193,2,0,82,84,1,1
193,3,2,95,101,1,1
193,4,1,96,102,0,1
193,5,0,96,107,1,1
193,6,2,172,196,1,1
193,7,2,262,294,1,1
197,0,0,0,2,1,1
197,1,2,22,36,1,1
197,2,2,86,109,1,1
197,3,2,88,121,1,1
197,4,3,116,134,1,1
197,5,1,142,161,0,1
197,6,0,142,167,1,1
197,7,1,205,229,0,1
197,8,0,205,236,1,1
197,9,1,354,384,0,1
197,10,0,354,392,1,1
201,0,0,0,1,1,1
201,1,1,747,744,0,1
201,2,0,747,3748,1,1
202,0,0,0,1,1,1
202,1,1,199,199,0,1
202,2,2,132,203,0,1
202,3,1,231,303,0,1
202,4,0,231,306,1,1
202,5,1,232,307,0,1
202,6,0,232,420,1,1
202,7,1,245,433,0,1
202,8,0,245,569,1,1
202,9,1,279,603,0,1
202,10,0,279,659,1,1
202,11,1,294,673,0,1
202,12,0,294,676,1,1
202,13,1,295,677,0,1
202,14,0,295,2353,1,1
202,15,1,300,2358,0,1
202,16,0,300,2361,1,1
202,17,1,303,2364,0,1
202,18,0,303,2399,1,1
202,19,1,385,2481,0,1
202,20,0,385,2485,1,1
202,21,1,390,2490,0,1
202,22,0,390,2939,1,1
202,23,1,442,2990,0,1
202,24,0,442,3063,1,1
203,0,0,0,1,1,1
203,1,1,1003,996,0,1
203,2,0,1003,999,1,1
204,0,0,0,1,1,1
204,1,1,668,666,0,1
204,2,0,668,671,1,1
205,0,0,0,1,1,1
205,1,1,16,16,0,1
205,2,0,16,31,1,1
206,0,0,0,1,1,1
207,0,0,0,1,1,1
207,1,3,40,11,1,1
207,2,3,82,16,1,1
207,3,3,94,21,1,1
207,4,3,107,27,1,1
207,5,3,116,32,1,1
207,6,3,163,43,1,1
207,7,3,185,48,1,1
207,8,3,256,54,1,1
207,9,2,249,58,1,1
207,10,3,272,62,1,1
207,11,3,360,68,1,1
207,12,3,419,73,1,1
207,13,3,525,79,1,1
207,14,3,581,84,1,1
207,15,3,638,89,1,1
207,16,3,712,96,1,1
207,17,3,786,102,1,1
207,18,3,793,107,1,1
211,0,0,0,1,1,1
211,1,1,8,10,0,1
211,2,0,8,12,1,1
211,3,1,11,15,0,1
211,4,0,11,19,1,1
211,5,1,13,21,0,1
211,6,0,13,71,1,1
211,7,1,253,310,0,1
211,8,0,253,397,1,1
211,9,1,268,412,0,1
211,10,0,268,430,1,1
213,0,0,0,1,1,1
214,0,0,0,2,1,1
218,0,0,0,13,1,1
218,1,1,16,29,0,1
218,2,0,16,37,1,1
218,3,1,142,158,0,1
218,4,0,142,176,1,1
218,5,0,149,189,1,1
218,6,1,158,196,0,1
218,7,0,158,202,1,1
218,8,0,169,239,1,1
219,0,0,0,6,1,1
219,1,1,60,62,0,1
219,2,0,60,77,1,1
219,3,1,79,96,0,1
219,4,0,79,107,1,1
219,5,1,206,234,0,1
219,6,2,199,260,0,1
219,7,2,198,277,0,1
219,8,2,217,321,0,1
219,9,1,221,325,0,1
219,10,0,221,780,1,1
219,11,1,407,966,0,1
219,12,0,407,971,1,1
219,13,1,422,986,0,1
219,14,0,422,993,1,1
219,15,1,438,1010,0,1
219,16,0,438,1019,1,1
219,17,1,447,1028,0,1
219,18,0,447,1035,1,1
219,19,1,465,1053,0,1
219,20,0,465,1067,1,1
219,21,1,475,1077,0,1
219,22,0,475,1088,1,1
219,23,1,485,1098,0,1
219,24,0,485,1111,1,1
219,25,1,493,1119,0,1
219,26,0,493,1129,1,1
219,27,1,503,1139,0,1
219,28,0,503,1141,1,1
220,0,0,0,5,1,1
222,0,0,0,2,1,1
222,1,1,9,11,0,1
222,2,0,9,16,1,1
223,0,0,0,1,1,1
223,1,1,143,143,0,1
223,2,3,184,156,0,1
223,3,3,201,162,0,1
223,4,1,206,169,0,1
223,5,3,217,186,0,1
223,6,1,217,186,0,1
223,7,3,248,190,0,1
223,8,1,248,190,0,1
223,9,3,259,195,0,1
223,10,1,259,195,0,1
223,11,3,285,238,0,1
223,12,1,285,238,0,1
223,13,0,285,243,1,1
223,14,1,286,244,0,1
223,15,0,286,246,1,1
224,0,0,0,1,1,1
224,1,3,154,6,1,1
224,2,3,181,11,1,1
224,3,3,209,16,1,1
224,4,1,211,21,0,1
224,5,0,211,354,1,1
224,6,1,318,461,0,1
224,7,0,318,482,1,1
225,0,0,0,1,1,1
226,0,0,0,1,1,1
226,1,1,58,59,0,1
226,2,0,58,61,1,1
226,3,1,59,62,0,1
226,4,0,59,65,1,1
226,5,1,80,87,0,1
226,6,0,80,92,1,1
226,7,1,85,97,0,1
226,8,0,85,103,1,1
226,9,1,94,112,0,1
226,10,0,94,115,1,1
226,11,1,112,133,0,1
226,12,0,112,135,1,1
226,13,1,117,140,0,1
226,14,0,117,149,1,1
226,15,1,122,154,0,1
226,16,0,122,158,1,1
226,17,1,131,167,0,1
226,18,0,131,172,1,1
226,19,1,172,213,0,1
226,20,0,172,216,1,1
227,0,0,0,1,1,1
227,1,1,167,167,0,1
227,2,0,167,245,1,1
228,0,0,0,1,1,1
228,1,2,0,53,1,1
228,2,1,85,141,0,1
228,3,0,85,311,1,1
229,0,0,0,1,1,1
229,1,2,178,185,1,1
229,2,2,175,191,1,1
229,3,2,263,286,1,1
230,0,0,0,1,1,1
230,1,1,268,268,0,1
230,2,0,268,314,1,1
231,0,0,0,1,1,1
231,1,1,25,26,0,1
231,2,0,25,42,1,1
231,3,2,31,56,1,1
231,4,1,31,57,0,1
231,5,0,31,83,1,1
231,6,2,74,169,1,1
231,7,1,101,199,0,1
231,8,0,101,300,1,1
231,9,2,260,468,1,1
231,10,1,284,492,0,1
231,11,0,284,512,1,1
231,12,1,354,582,0,1
231,13,2,347,587,0,1
231,14,1,347,588,0,1
231,15,0,347,594,1,1
231,16,1,348,595,0,1
231,17,0,348,611,1,1
235,0,0,0,1,1,1
235,1,1,2,3,0,1
235,2,0,2,141,1,1
236,0,0,0,1,1,1
236,1,1,8,10,0,1
236,2,0,8,12,1,1
236,3,1,11,15,0,1
236,4,0,11,21,1,1
236,5,1,15,25,0,1
236,6,0,15,30,1,1
236,7,1,20,35,0,1
236,8,0,20,293,1,1
236,9,1,66,339,0,1
236,10,0,66,342,1,1
236,11,1,185,463,0,1
236,12,0,185,467,1,1
236,13,1,189,471,0,1
236,14,0,189,479,1,1
236,15,1,198,488,0,1
236,16,0,198,498,1,1
236,17,1,204,504,0,1
236,18,0,204,516,1,1
236,19,1,241,553,0,1
236,20,0,241,559,1,1
236,21,1,247,565,0,1
236,22,0,247,569,1,1
236,23,1,251,573,0,1
236,24,0,251,580,1,1
236,25,1,257,586,0,1
236,26,0,257,591,1,1
236,27,1,264,598,0,1
236,28,0,264,605,1,1
236,29,1,270,611,0,1
236,30,0,270,616,1,1
240,0,0,0,1,1,1
240,1,1,2,3,0,1
240,2,0,2,10,1,1
240,3,1,21,29,0,1
240,4,0,21,9673,1,1
240,5,1,27,9679,0,1
240,6,0,27,10360,1,1
240,7,2,30,10382,1,1
240,8,1,131,10485,0,1
240,9,0,131,11168,1,1
240,10,2,280,11352,1,1
241,0,0,0,1,1,1
241,1,1,34,34,0,1
241,2,0,34,44,1,1
241,3,1,82,92,0,1
241,4,0,82,125,1,1
241,5,2,154,202,1,1
241,6,1,155,203,0,1
241,7,0,155,265,1,1
241,8,1,166,276,0,1
241,9,0,166,285,1,1
241,10,2,234,376,1,1
241,11,1,235,380,0,1
241,12,0,235,413,1,1
243,0,0,0,1,1,1
244,0,0,0,2,1,1
245,0,0,0,1,1,1
246,0,0,0,1,1,1
247,0,0,0,1,1,1
248,0,0,0,1,1,1
249,0,0,0,1,1,1
250,0,0,0,1,1,1
251,0,0,0,2,1,1
252,0,0,0,1,1,1
252,1,1,140,140,0,1
252,2,0,140,146,1,1
252,3,1,263,269,0,1
252,4,0,263,303,1,1
253,0,0,0,1,1,1
253,1,1,150,150,0,1
253,2,0,150,678,1,1
253,3,1,177,705,0,1
253,4,0,177,898,1,1
253,5,2,176,907,1,1
253,6,1,177,908,0,1
253,7,0,177,913,1,1
256,0,0,0,1,1,1
256,1,1,9,10,0,1
256,2,0,9,51,1,1
256,3,1,46,88,0,1
256,4,0,46,123,1,1
256,5,2,182,268,1,1
259,0,0,0,3,1,1
260,0,0,0,1,1,1
261,0,0,0,1,1,1
262,0,0,0,1,1,1
263,0,0,0,1,1,1
263,1,1,241,242,0,1
263,2,0,241,660,1,1
264,0,0,0,1,1,1
264,1,2,37,53,1,1
264,2,1,121,137,0,1
264,3,0,121,153,1,1
264,4,1,152,184,0,1
264,5,0,152,207,1,1
264,6,1,178,233,0,1
264,7,2,141,252,0,1
264,8,3,152,253,0,1
264,9,1,152,253,0,1
264,10,3,200,320,0,1
264,11,2,189,328,0,1
264,12,1,197,338,0,1
264,13,0,197,449,1,1
264,14,1,203,455,0,1
264,15,0,203,513,1,1
264,16,1,225,535,0,1
264,17,0,225,539,1,1
264,18,1,238,552,0,1
264,19,2,228,557,0,1
264,20,1,228,557,0,1
264,21,0,228,701,1,1
265,0,0,0,2,1,1
265,1,1,252,254,0,1
265,2,0,252,279,1,1
266,0,0,0,2,1,1
266,1,2,17,42,1,1
266,2,2,60,94,1,1
266,3,1,88,122,0,1
266,4,0,88,141,1,1
268,0,0,0,1,1,1
269,0,0,0,1,1,1
269,1,1,30,31,0,1
269,2,0,30,334,1,1
269,3,1,148,451,0,1
269,4,0,148,873,1,1
269,5,2,205,946,1,1
269,6,2,181,956,1,1
269,7,1,273,1048,0,1
269,8,2,266,1771,0,1
269,9,1,266,1771,0,1
269,10,0,266,1774,1,1
271,0,0,0,1,1,1
271,1,1,77,78,0,1
271,2,0,77,1890,1,1
272,0,0,0,1,1,1
277,0,0,0,1,1,1
277,1,1,15,16,0,1
277,2,0,15,40,1,1
277,3,1,21,46,0,1
277,4,0,21,60,1,1
277,5,1,23,62,0,1
277,6,0,23,69,1,1
277,7,1,76,122,0,1
277,8,0,76,212,1,1
278,0,0,0,1,1,1
278,1,1,87,88,0,1
278,2,0,87,119,1,1
278,3,1,96,128,0,1
278,4,0,96,155,1,1
278,5,2,232,297,1,1
279,0,0,0,5,1,1
279,1,2,32,40,1,1
279,2,2,31,50,1,1
279,3,1,31,50,0,1
279,4,0,31,56,1,1
280,0,0,0,1,1,1
281,0,0,0,1,1,1
281,1,1,283,283,0,1
281,2,0,283,764,1,1
281,3,1,289,770,0,1
281,4,0,289,1038,1,1
282,0,0,0,1,1,1
282,1,2,215,228,1,1
282,2,2,209,233,1,1
282,3,1,221,245,0,1
282,4,0,221,258,1,1
283,0,0,0,2,1,1
283,1,2,300,336,1,1
283,2,3,304,339,1,1
283,3,2,303,344,1,1
283,4,1,304,345,0,1
283,5,0,304,363,1,1
284,0,0,0,1,1,1
284,1,1,122,122,0,1
284,2,0,122,941,1,1
284,3,2,159,1004,1,1
284,4,1,200,1047,0,1
284,5,0,200,1113,1,1
285,0,0,0,1,1,1
285,1,1,52,53,0,1
285,2,0,52,654,1,1
285,3,1,54,656,0,1
285,4,0,54,693,1,1
285,5,1,88,727,0,1
285,6,0,88,2319,1,1
286,0,0,0,1,1,1
286,1,2,216,235,1,1
287,0,0,0,1,1,1
288,0,0,0,1,1,1
289,0,0,0,2,1,1
290,0,0,0,1,1,1
291,0,0,0,1,1,1
292,0,0,0,1,1,1
293,0,0,0,1,1,1
294,0,0,0,1,1,1
294,1,2,49,70,1,1
294,2,1,113,135,0,1
294,3,0,113,167,1,1
295,0,0,0,1,1,1
295,1,2,57,143,1,1
295,2,1,141,226,0,1
295,3,0,141,692,1,1
295,4,1,154,705,0,1
295,5,0,154,798,1,1
295,6,2,211,873,1,1
296,0,0,0,1,1,1
296,1,1,3,4,0,1
296,2,0,3,241,1,1
296,3,2,45,322,1,1
296,4,1,47,327,0,1
296,5,0,47,576,1,1
296,6,1,165,694,0,1
296,7,0,165,726,1,1
296,8,1,253,814,0,1
296,9,0,253,845,1,1
296,10,1,260,852,0,1
296,11,2,138,1908,0,1
296,12,3,158,1911,0,1
296,13,3,168,1916,0,1
296,14,1,172,1920,0,1
296,15,0,172,2240,1,1
296,16,1,284,2352,0,1
296,17,0,284,2998,1,1
296,18,2,293,3048,1,1
297,0,0,0,1,1,1
297,1,1,17,18,0,1
297,2,0,17,32,1,1
297,3,1,18,33,0,1
297,4,0,18,571,1,1
298,0,0,0,1,1,1
298,1,1,173,173,0,1
298,2,0,173,258,1,1
298,3,2,254,380,1,1
299,0,0,0,1,1,1
299,1,1,1,2,0,1
299,2,0,1,578,1,1
300,0,0,0,1,1,1
300,1,2,10,26,1,1
300,2,3,180,165,1,1
300,3,2,188,179,1,1
300,4,3,372,180,1,1
301,0,0,0,1,1,1
301,1,1,43,44,0,1
301,2,0,43,93,1,1
301,3,1,89,139,0,1
301,4,0,89,189,1,1
302,0,0,0,1,1,1
302,1,1,6,7,0,1
302,2,0,6,233,1,1
302,3,2,86,319,1,1
304,0,0,0,1,1,1
304,1,3,57,30,1,1
304,2,3,147,41,1,1
304,3,3,188,48,1,1
304,4,3,336,60,1,1
305,0,0,0,1,1,1
308,0,0,0,404,1,1
308,1,2,206,616,1,1
308,2,2,214,637,1,1
308,3,2,213,643,1,1
308,4,2,218,657,1,1
308,5,2,214,666,1,1
308,6,2,204,678,1,1
308,7,2,198,685,1,1
308,8,1,222,710,0,1
308,9,0,222,726,1,1
308,10,2,236,750,1,1
308,11,2,226,755,1,1
308,12,1,241,770,0,1
308,13,0,241,773,1,1
308,14,1,242,774,0,1
308,15,0,242,777,1,1
309,0,0,0,1,1,1
309,1,1,71,71,0,1
309,2,0,71,80,1,1
309,3,1,150,159,0,1
309,4,0,150,259,1,1
311,0,0,0,1,1,1
311,1,2,63,75,1,1
311,2,1,63,75,0,1
311,3,0,63,215,1,1
311,4,1,71,223,0,1
311,5,0,71,282,1,1
311,6,2,84,303,1,1
311,7,1,93,312,0,1
311,8,0,93,396,1,1
311,9,2,169,479,1,1
311,10,1,169,479,0,1
311,11,0,169,589,1,1
311,12,1,171,591,0,1
311,13,0,171,593,1,1
311,14,1,260,681,0,1
311,15,0,260,718,1,1
311,16,1,264,722,0,1
311,17,0,264,911,1,1
311,18,1,299,948,0,1
311,19,0,299,951,1,1
311,20,1,366,1018,0,1
311,21,0,366,1220,1,1
312,0,0,0,2,1,1
312,1,2,44,59,1,1
312,2,3,58,62,1,1
313,0,0,0,1,1,1
313,1,1,7,8,0,1
313,2,0,7,2441,1,1
313,3,2,28,2470,1,1
313,4,1,30,2472,0,1
313,5,0,30,2521,1,1
319,0,0,0,1,1,1
319,1,1,7,8,0,1
319,2,0,7,127,1,1
319,3,2,0,133,1,1
319,4,1,130,264,0,1
319,5,0,130,360,1,1
320,0,0,0,1,1,1
325,0,0,0,1,1,1
330,0,0,0,1,1,1
330,1,2,116,125,1,1
332,0,0,0,1,1,1
332,1,2,45,53,1,1
332,2,2,85,98,1,1
334,0,0,0,1,1,1
334,1,2,274,318,1,1
334,2,3,317,343,1,1
334,3,3,339,349,1,1
335,0,0,0,1,1,1
336,0,0,0,1,1,1
337,0,0,0,3,1,1
338,0,0,0,1,1,1
338,1,2,57,75,1,1
338,2,2,69,96,1,1
338,3,2,114,155,1,1
338,4,2,319,374,1,1
339,0,0,0,1,1,1
339,1,2,40,61,1,1
339,2,2,40,73,1,1
339,3,1,46,79,0,1
339,4,0,46,99,1,1
339,5,2,149,207,1,1
339,6,2,264,334,1,1
339,7,3,272,336,1,1
340,0,0,0,1,1,1
340,1,1,2,3,0,1
340,2,0,2,6,1,1
340,3,1,5,9,0,1
340,4,0,5,11,1,1
340,5,1,7,13,0,1
340,6,0,7,17,1,1
340,7,1,16,26,0,1
340,8,0,16,28,1,1
340,9,2,58,81,1,1
340,10,1,58,81,0,1
340,11,0,58,83,1,1
340,12,2,52,88,1,1
340,13,2,83,127,1,1
340,14,1,84,128,0,1
340,15,0,84,192,1,1
340,16,1,148,256,0,1
340,17,0,148,308,1,1
340,18,1,226,386,0,1
340,19,0,226,429,1,1
340,20,1,249,452,0,1
340,21,0,249,461,1,1
340,22,1,363,575,0,1
340,23,0,363,589,1,1
340,24,1,394,620,0,1
340,25,0,394,634,1,1
341,0,0,0,1,1,1
341,1,2,50,68,1,1
344,0,0,0,1,1,1
344,1,2,44,51,1,1
344,2,1,46,53,0,1
344,3,0,46,77,1,1
344,4,2,149,188,1,1
344,5,1,152,192,0,1
344,6,0,152,218,1,1
344,7,1,172,238,0,1
344,8,0,172,444,1,1
344,9,2,200,499,1,1
344,10,1,200,502,0,1
344,11,0,200,504,1,1
344,12,3,218,506,1,1
346,0,0,0,1,1,1
346,1,2,54,60,1,1
346,2,2,65,81,1,1
346,3,1,280,296,0,1
346,4,0,280,298,1,1
346,5,1,281,299,0,1
346,6,0,281,305,1,1
346,7,1,283,307,0,1
346,8,0,283,330,1,1
346,9,1,293,340,0,1
346,10,0,293,345,1,1
347,0,0,0,1,1,1
347,1,1,31,32,0,1
347,2,0,31,2645,1,1
347,3,1,185,2799,0,1
347,4,0,185,2814,1,1
347,5,1,201,2830,0,1
347,6,0,201,4189,1,1
347,7,1,368,4356,0,1
347,8,0,368,4710,1,1
351,0,0,0,1,1,1
351,1,1,105,105,0,1
351,2,0,105,4269,1,1
351,3,2,0,4276,1,1
351,4,1,9,4285,0,1
351,5,0,9,4313,1,1
351,6,1,134,4438,0,1
351,7,0,134,4613,1,1
351,8,1,174,4653,0,1
351,9,0,174,4693,1,1
355,0,0,0,1,1,1
355,1,1,3,4,0,1
355,2,0,3,787,1,1
355,3,1,35,819,0,1
355,4,0,35,1063,1,1
355,5,1,95,1123,0,1
355,6,0,95,1355,1,1
355,7,1,263,1523,0,1
355,8,0,263,2704,1,1
359,0,0,0,2,1,1
359,1,1,115,117,0,1
359,2,0,115,154,1,1
360,0,0,0,1,1,1
360,1,3,46,3,1,1
360,2,3,80,8,1,1
360,3,3,90,13,1,1
361,0,0,0,1,1,1
361,1,1,2,3,0,1
361,2,0,2,5,1,1
361,3,1,336,337,0,1
361,4,0,336,471,1,1
362,0,0,0,1,1,1
363,0,0,0,1,1,1
364,0,0,0,1,1,1
365,0,0,0,1,1,1
373,0,0,0,2,1,1
373,1,1,5,7,0,1
373,2,0,5,10,1,1
373,3,2,309,323,1,1
373,4,2,412,434,1,1
375,0,0,0,1,1,1
375,1,2,133,143,1,1
375,2,3,142,146,1,1
375,3,2,187,206,1,1
375,4,2,298,330,1,1
375,5,3,303,333,1,1
375,6,2,297,336,1,1
375,7,2,311,362,1,1
375,8,2,349,409,1,1
377,0,0,0,1,1,1
377,1,1,1,2,0,1
377,2,0,1,9,1,1
377,3,2,58,88,1,1
377,4,2,39,95,1,1
377,5,1,223,279,0,1
377,6,2,178,282,0,1
377,7,2,194,318,0,1
377,8,1,197,323,0,1
377,9,0,197,344,1,1
378,0,0,0,1,1,1
378,1,1,22,23,0,1
378,2,0,22,44,1,1
378,3,1,28,50,0,1
378,4,0,28,55,1,1
378,5,1,30,57,0,1
378,6,0,30,94,1,1
378,7,1,69,133,0,1
378,8,0,69,135,1,1
378,9,1,73,140,0,1
378,10,0,73,150,1,1
378,11,1,80,157,0,1
378,12,0,80,167,1,1
378,13,1,89,176,0,1
378,14,0,89,179,1,1
378,15,1,109,199,0,1
378,16,0,109,204,1,1
378,17,1,118,213,0,1
378,18,0,118,219,1,1
378,19,1,126,227,0,1
378,20,0,126,231,1,1
378,21,1,134,239,0,1
378,22,0,134,246,1,1
378,23,1,161,273,0,1
378,24,0,161,280,1,1
378,25,1,187,306,0,1
378,26,0,187,311,1,1
378,27,1,188,312,0,1
378,28,0,188,330,1,1
378,29,1,225,367,0,1
378,30,0,225,382,1,1
378,31,1,294,451,0,1
378,32,0,294,463,1,1
378,33,1,300,470,0,1
378,34,0,300,519,1,1
378,35,1,304,523,0,1
378,36,2,0,848,0,1
378,37,3,292,851,0,1
378,38,2,257,854,0,1
378,39,1,257,854,0,1
378,40,0,257,857,1,1
378,41,1,261,861,0,1
378,42,0,261,865,1,1
378,43,1,271,876,0,1
378,44,0,271,879,1,1
378,45,1,345,952,0,1
378,46,0,345,958,1,1
378,47,1,348,961,0,1
378,48,0,348,966,1,1
378,49,1,416,1034,0,1
378,50,2,409,1037,0,1
378,51,1,409,1037,0,1
378,52,0,409,1068,1,1
379,0,0,0,1,1,1
381,0,0,0,1,1,1
383,0,0,0,1,1,1
391,0,0,0,1,1,1
391,1,1,14,16,0,1
391,2,0,14,19,1,1
391,3,1,50,55,0,1
391,4,0,50,112,1,1
391,5,2,244,313,1,1
392,0,0,0,1,1,1
392,1,2,122,158,1,1
393,0,0,0,1,1,1
393,1,1,125,127,0,1
393,2,0,125,133,1,1
393,3,1,202,210,0,1
393,4,0,202,272,1,1
393,5,2,388,464,1,1
393,6,2,410,492,1,1
393,7,2,444,533,1,1
394,0,0,0,3,1,1
394,1,1,10,13,0,1
394,2,0,10,30,1,1
394,3,1,56,76,0,1
394,4,0,56,78,1,1
394,5,2,15,83,1,1
394,6,2,101,180,1,1
394,7,2,159,247,1,1
394,8,1,402,490,0,1
394,9,0,402,516,1,1
394,10,2,499,622,1,1
395,0,0,0,3,1,1
395,1,1,9,12,0,1
395,2,0,9,894,1,1
395,3,1,94,979,0,1
395,4,0,94,1972,1,1
395,5,1,145,2023,0,1
395,6,0,145,2028,1,1
395,7,2,210,2118,1,1
396,0,0,0,3,1,1
400,0,0,0,1,1,1
401,0,0,0,3,1,1
402,0,0,160,8,1,1
402,1,3,186,11,1,1
403,0,0,0,5,1,1
403,1,1,11,18,0,1
403,2,0,11,21,1,1
403,3,1,24,34,0,1
403,4,0,24,38,1,1
403,5,1,44,58,0,1
403,6,0,44,61,1,1
403,7,1,93,110,0,1
403,8,0,93,113,1,1
404,0,0,0,2,1,1
404,1,1,13,15,0,1
404,2,0,13,28,1,1
404,3,1,21,36,0,1
404,4,0,21,332,1,1
404,5,1,97,408,0,1
404,6,0,97,425,1,1
404,7,1,98,426,0,1
404,8,0,98,428,1,1
404,9,1,100,430,0,1
404,10,0,100,436,1,1
404,11,1,107,443,0,1
404,12,0,107,446,1,1
404,13,1,112,451,0,1
404,14,0,112,455,1,1
404,15,1,120,463,0,1
404,16,0,120,466,1,1
404,17,1,125,471,0,1
404,18,0,125,474,1,1
404,19,2,157,531,1,1
404,20,1,157,535,0,1
404,21,0,157,543,1,1
404,22,2,152,547,1,1
404,23,1,152,547,0,1
404,24,0,152,549,1,1
404,25,2,146,556,1,1
404,26,2,118,561,1,1
404,27,1,118,563,0,1
404,28,0,118,568,1,1
404,29,2,108,571,1,1
404,30,1,108,571,0,1
404,31,0,108,574,1,1
404,32,1,109,575,0,1
404,33,3,161,588,0,1
404,34,1,161,588,0,1
404,35,3,177,619,0,1
404,36,1,293,735,0,1
404,37,0,293,1111,1,1
404,38,1,300,1119,0,1
404,39,0,300,1127,1,1
404,40,1,340,1167,0,1
404,41,0,340,1223,1,1
404,42,2,363,1253,1,1
404,43,1,364,1254,0,1
404,44,0,364,1447,1,1
404,45,1,388,1473,0,1
404,46,0,388,1476,1,1
404,47,1,415,1503,0,1
404,48,0,415,1523,1,1
404,49,1,440,1548,0,1
404,50,0,440,1621,1,1
404,51,1,444,1625,0,1
404,52,0,444,1643,1,1
405,0,0,0,5,1,1
405,1,1,3,8,0,1
405,2,0,3,10,1,1
405,3,1,4,11,0,1
405,4,0,4,15,1,1
405,5,1,7,18,0,1
405,6,0,7,34,1,1
405,7,2,19,55,1,1
405,8,1,20,56,0,1
405,9,0,20,73,1,1
405,10,1,57,110,0,1
405,11,0,57,292,1,1
405,12,1,61,296,0,1
405,13,0,61,298,1,1
405,14,1,88,326,0,1
405,15,0,88,329,1,1
405,16,1,100,341,0,1
405,17,0,100,345,1,1
405,18,1,115,360,0,1
405,19,0,115,433,1,1
405,20,1,171,488,0,1
405,21,0,171,612,1,1
405,22,1,172,613,0,1
405,23,0,172,615,1,1
405,24,1,189,632,0,1
405,25,0,189,652,1,1
405,26,1,228,690,0,1
405,27,0,228,729,1,1
405,28,1,287,787,0,1
405,29,2,283,790,0,1
405,30,1,284,791,0,1
405,31,0,284,815,1,1
405,32,1,286,817,0,1
405,33,0,286,901,1,1
405,34,1,310,925,0,1
405,35,0,310,942,1,1
405,36,2,319,960,1,1
405,37,1,319,960,0,1
405,38,0,319,1011,1,1
405,39,1,328,1020,0,1
405,40,0,328,1082,1,1
405,41,2,388,1147,1,1
405,42,1,389,1148,0,1
405,43,0,389,1174,1,1
405,44,1,394,1179,0,1
405,45,0,394,1504,1,1
405,46,1,395,1505,0,1
405,47,0,395,1509,1,1
405,48,1,412,1526,0,1
405,49,0,412,1528,1,1
405,50,1,422,1538,0,1
405,51,0,422,1540,1,1
405,52,1,431,1549,0,1
405,53,0,431,1559,1,1
405,54,1,435,1563,0,1
405,55,0,435,1569,1,1
405,56,1,445,1579,0,1
405,57,0,445,1585,1,1
405,58,1,449,1589,0,1
405,59,0,449,1603,1,1
405,60,1,455,1609,0,1
405,61,0,455,1619,1,1
405,62,1,458,1622,0,1
405,63,0,458,1633,1,1
405,64,1,464,1639,0,1
405,65,0,464,1654,1,1
405,66,1,468,1658,0,1
405,67,0,468,2912,1,1
405,68,1,495,2941,0,1
405,69,0,495,2944,1,1
405,70,1,497,2946,0,1
405,71,0,497,2954,1,1
405,72,1,504,2961,0,1
405,73,2,498,2966,0,1
405,74,1,498,2966,0,1
405,75,0,498,3003,1,1
405,76,1,530,3035,0,1
405,77,0,530,3037,1,1
406,0,0,0,1,1,1
406,1,2,9,15,1,1
406,2,2,1,24,1,1
406,3,1,77,100,0,1
406,4,0,77,102,1,1
406,5,1,79,104,0,1
406,6,0,79,109,1,1
412,0,0,5,9,1,1
412,1,1,68,72,0,1
412,2,0,68,109,1,1
412,3,1,192,233,0,1
412,4,0,192,237,1,1
412,5,1,204,249,0,1
412,6,0,204,290,1,1
412,7,1,240,326,0,1
412,8,0,240,328,1,1
416,0,0,0,4,1,1
416,1,1,12,16,0,1
416,2,0,12,19,1,1
416,3,2,12,32,1,1
416,4,1,12,32,0,1
416,5,0,12,34,1,1
416,6,3,45,107,1,1
416,7,1,45,107,0,1
416,8,3,53,113,0,1
416,9,1,53,113,0,1
416,10,0,53,136,1,1
416,11,1,102,185,0,1
416,12,0,102,187,1,1
416,13,1,104,189,0,1
416,14,0,104,209,1,1
416,15,2,101,215,1,1
416,16,1,120,234,0,1
416,17,2,119,267,0,1
416,18,1,119,267,0,1
416,19,2,163,315,0,1
416,20,1,163,315,0,1
416,21,0,163,334,1,1
416,22,1,202,373,0,1
416,23,0,202,382,1,1
416,24,1,238,420,0,1
416,25,0,238,429,1,1
416,26,2,287,481,1,1
416,27,1,287,481,0,1
416,28,0,287,487,1,1
416,29,3,325,521,1,1
416,30,2,386,591,1,1
416,31,1,386,591,0,1
416,32,0,386,610,1,1
416,33,1,402,627,0,1
416,34,0,402,970,1,1
416,35,2,375,1006,1,1
416,36,3,380,1009,1,1
416,37,1,380,1009,0,1
416,38,0,380,1011,1,1
416,39,2,348,1071,1,1
416,40,3,386,1074,1,1
416,41,1,386,1075,0,1
416,42,0,386,1078,1,1
416,43,3,452,1080,1,1
416,44,1,453,1085,0,1
416,45,0,453,1091,1,1
416,46,1,466,1104,0,1
416,47,0,466,1110,1,1
416,48,2,503,1149,1,1
416,49,1,503,1149,0,1
416,50,0,503,1151,1,1
416,51,2,500,1155,1,1
416,52,1,500,1157,0,1
416,53,0,500,1159,1,1
420,0,0,0,1,1,1
421,0,0,0,1,1,1
422,0,0,0,1,1,1
423,0,0,0,1,1,1
424,0,0,0,2,1,1
425,0,0,0,2,1,1
426,0,0,0,2,1,1
427,0,0,0,2,1,1
428,0,0,0,1,1,1
429,0,0,0,2,1,1
430,0,0,0,2,1,1
431,0,0,0,1,1,1
431,1,1,298,298,0,1
431,2,0,298,386,1,1
431,3,1,336,424,0,1
431,4,0,336,429,1,1
431,5,1,345,438,0,1
431,6,0,345,677,1,1
432,0,0,0,1,1,1
432,1,2,239,248,1,1
432,2,2,226,254,1,1
432,3,1,243,271,0,1
432,4,0,243,275,1,1
433,0,0,0,1,1,1
433,1,1,93,94,0,1
433,2,0,93,145,1,1
433,3,1,222,274,0,1
433,4,0,222,276,1,1
442,0,0,0,1,1,1
442,1,1,114,114,0,1
442,2,0,114,124,1,1
442,3,1,134,144,0,1
442,4,0,134,196,1,1
442,5,1,144,206,0,1
442,6,0,144,223,1,1
442,7,1,176,255,0,1
442,8,0,176,294,1,1
442,9,1,215,333,0,1
442,10,0,215,387,1,1
443,0,0,0,2,1,1
443,1,1,7,9,0,1
443,2,0,7,295,1,1
443,3,2,88,387,1,1
443,4,1,114,413,0,1
443,5,0,114,415,1,1
443,6,1,144,446,0,1
443,7,0,144,449,1,1
443,8,2,122,451,1,1
443,9,1,131,462,0,1
443,10,0,131,465,1,1
444,0,0,0,1,1,1
444,1,2,125,150,1,1
444,2,1,351,376,0,1
444,3,0,351,383,1,1
445,0,0,0,1,1,1
445,1,2,102,112,1,1
445,2,2,108,134,1,1
445,3,1,112,140,0,1
445,4,0,112,269,1,1
445,5,2,187,352,1,1
445,6,1,188,353,0,1
445,7,0,188,356,1,1
445,8,2,248,424,1,1
445,9,2,477,680,1,1
445,10,3,517,683,1,1
445,11,2,491,689,1,1
445,12,2,480,700,1,1
445,13,1,480,703,0,1
445,14,3,495,705,0,1
446,0,0,0,1,1,1
446,1,1,73,74,0,1
446,2,0,73,284,1,1
446,3,1,133,344,0,1
446,4,0,133,389,1,1
446,5,2,203,481,1,1
446,6,3,221,485,1,1
446,7,1,242,506,0,1
446,8,0,242,514,1,1
446,9,1,337,608,0,1
446,10,0,337,661,1,1
446,11,1,354,678,0,1
446,12,0,354,699,1,1
446,13,1,445,790,0,1
446,14,0,445,818,1,1
447,0,0,0,1,1,1
447,1,1,33,33,0,1
447,2,0,33,43,1,1
448,0,0,0,1,1,1
448,1,1,17,18,0,1
448,2,0,17,86,1,1
448,3,1,51,120,0,1
448,4,0,51,238,1,1
449,0,0,0,1,1,1
456,0,0,0,1,1,1
456,1,1,13,13,0,1
456,2,0,13,72,1,1
456,3,1,30,89,0,1
456,4,0,30,444,1,1
456,5,1,278,690,0,1
456,6,0,278,702,1,1
457,0,0,0,1,1,1
457,1,1,67,67,0,1
457,2,0,67,218,1,1
457,3,0,95,247,1,1
457,4,1,112,264,0,1
457,5,0,112,291,1,1
457,6,1,122,301,0,1
457,7,0,122,319,1,1
457,8,2,155,356,1,1
457,9,1,155,356,0,1
457,10,2,148,359,0,1
457,11,1,148,359,0,1
457,12,0,148,364,1,1
457,13,1,189,405,0,1
457,14,0,189,429,1,1
457,15,1,190,430,0,1
457,16,0,190,713,1,1
457,17,1,197,720,0,1
457,18,0,197,730,1,1
457,19,1,216,749,0,1
457,20,0,216,780,1,1
458,0,0,0,1,1,1
459,0,0,0,1,1,1
460,0,0,0,1,1,1
461,0,0,0,1,1,1
461,1,3,533,273,1,1
462,0,0,0,11,1,1
463,0,0,0,9,1,1
465,0,0,0,3,1,1
466,0,0,0,9,1,1
467,0,0,0,1,1,1
468,0,0,0,1,1,1
469,0,0,0,1,1,1
470,0,0,0,1,1,1
471,0,0,0,2,1,1
472,0,0,0,1,1,1
473,0,0,0,2,1,1
475,0,0,0,2,1,1
476,0,0,0,2,1,1
477,0,0,0,2,1,1
478,0,0,0,2,1,1
479,0,0,0,2,1,1
480,0,0,0,1,1,1
480,1,1,107,107,0,1
480,2,0,107,109,1,1
480,3,1,109,111,0,1
480,4,0,109,114,1,1
480,5,1,113,118,0,1
480,6,0,113,122,1,1
480,7,1,119,129,0,1
480,8,0,119,132,1,1
480,9,1,131,144,0,1
480,10,0,131,148,1,1
480,11,1,147,164,0,1
480,12,0,147,169,1,1
480,13,1,161,183,0,1
480,14,0,161,188,1,1
480,15,1,169,196,0,1
480,16,0,169,201,1,1
480,17,1,191,223,0,1
480,18,0,191,226,1,1
480,19,1,202,237,0,1
480,20,0,202,241,1,1
480,21,1,219,258,0,1
480,22,0,219,262,1,1
480,23,1,233,276,0,1
480,24,0,233,278,1,1
480,25,1,244,289,0,1
480,26,0,244,293,1,1
480,27,1,256,305,0,1
480,28,0,256,309,1,1
480,29,1,265,318,0,1
480,30,0,265,323,1,1
480,31,1,285,343,0,1
480,32,0,285,349,1,1
480,33,1,297,361,0,1
480,34,0,297,365,1,1
480,35,1,306,374,0,1
480,36,0,306,378,1,1
480,37,1,329,401,0,1
480,38,0,329,404,1,1
480,39,1,339,414,0,1
480,40,0,339,418,1,1
480,41,1,345,424,0,1
480,42,0,345,427,1,1
480,43,1,365,447,0,1
480,44,0,365,450,1,1
480,45,1,377,462,0,1
480,46,0,377,466,1,1
480,47,1,387,476,0,1
480,48,0,387,480,1,1
480,49,1,399,492,0,1
480,50,0,399,496,1,1
480,51,1,413,510,0,1
480,52,0,413,514,1,1
480,53,1,423,524,0,1
480,54,0,423,528,1,1
480,55,1,431,536,0,1
480,56,0,431,539,1,1
480,57,1,443,551,0,1
480,58,0,443,555,1,1
480,59,1,458,570,0,1
480,60,0,458,573,1,1
480,61,1,466,581,0,1
480,62,0,466,584,1,1
480,63,1,485,603,0,1
480,64,0,485,606,1,1
480,65,1,515,636,0,1
480,66,0,515,640,1,1
481,0,0,0,1,1,1
482,0,0,0,1,1,1
483,0,0,0,1,1,1
484,0,0,0,3,1,1
485,0,0,0,1,1,1
486,0,0,0,3,1,1
487,0,0,0,3,1,1
488,0,0,0,1,1,1
489,0,0,0,1,1,1
489,1,1,6,7,0,1
489,2,0,6,70,1,1
489,3,1,17,81,0,1
489,4,0,17,90,1,1
489,5,1,204,276,0,1
489,6,0,204,290,1,1
489,7,2,191,304,1,1
489,8,2,206,327,1,1
500,0,0,0,1,1,1
500,1,2,172,214,1,1
500,2,3,200,234,1,1
501,0,0,0,1,1,1
501,1,1,216,216,0,1
501,2,0,216,236,1,1
502,0,0,0,1,1,1
503,0,0,0,1,1,1
503,1,1,62,62,0,1
503,2,0,62,99,1,1
503,3,1,73,110,0,1
503,4,0,73,196,1,1
503,5,2,82,212,1,1
503,6,2,78,221,1,1
503,7,1,79,222,0,1
503,8,0,79,283,1,1
503,9,1,103,307,0,1
503,10,0,103,418,1,1
503,11,1,136,451,0,1
503,12,0,136,484,1,1
503,13,2,140,498,1,1
503,14,2,132,504,1,1
505,0,0,0,1,1,1
505,1,1,27,28,0,1
505,2,0,27,31,1,1
505,3,1,46,50,0,1
505,4,0,46,90,1,1
505,5,2,55,104,1,1
505,6,1,56,105,0,1
505,7,0,56,143,1,1
505,8,2,128,225,1,1
505,9,3,139,230,1,1
505,10,1,228,319,0,1
505,11,0,228,463,1,1
505,12,1,353,588,0,1
505,13,0,353,613,1,1
505,14,1,395,655,0,1
505,15,0,395,659,1,1
507,0,0,0,1,1,1
507,1,2,129,157,1,1
507,2,1,160,191,0,1
507,3,0,160,194,1,1
507,4,1,228,262,0,1
507,5,0,228,294,1,1
507,6,1,265,331,0,1
507,7,2,263,338,0,1
507,8,1,268,344,0,1
507,9,0,268,350,1,1
507,10,2,358,470,1,1
509,0,0,0,1,1,1
509,1,2,0,34,1,1
509,2,1,15,49,0,1
509,3,0,15,88,1,1
509,4,1,66,139,0,1
509,5,0,66,152,1,1
509,6,2,122,229,1,1
509,7,1,131,242,0,1
509,8,0,131,251,1,1
509,9,2,158,298,1,1
509,10,1,179,321,0,1
509,11,0,179,323,1,1
509,12,1,204,348,0,1
509,13,0,204,358,1,1
510,0,0,0,1,1,1
510,1,1,6,7,0,1
510,2,0,6,212,1,1
510,3,1,30,236,0,1
510,4,0,30,272,1,1
510,5,1,33,275,0,1
510,6,0,33,291,1,1
510,7,1,38,296,0,1
510,8,0,38,312,1,1
510,9,1,50,324,0,1
510,10,0,50,361,1,1
510,11,1,63,374,0,1
510,12,0,63,381,1,1
510,13,2,117,445,1,1
510,14,1,119,447,0,1
510,15,0,119,477,1,1
510,16,2,158,524,1,1
510,17,1,227,593,0,1
510,18,0,227,749,1,1
510,19,2,256,810,1,1
510,20,3,261,814,1,1
510,21,1,282,835,0,1
510,22,0,282,852,1,1
510,23,1,300,870,0,1
510,24,0,300,917,1,1
510,25,1,353,970,0,1
510,26,2,347,992,0,1
510,27,1,347,992,0,1
510,28,0,347,995,1,1
510,29,1,349,997,0,1
510,30,0,349,1005,1,1
510,31,1,352,1008,0,1
510,32,0,352,1038,1,1
510,33,1,420,1106,0,1
510,34,0,420,1141,1,1
511,0,0,0,1,1,1
511,1,3,109,7,1,1
511,2,2,92,13,1,1
511,3,1,165,90,0,1
511,4,0,165,127,1,1
512,0,0,0,1,1,1
512,1,1,2,3,0,1
512,2,0,2,31,1,1
512,3,1,9,38,0,1
512,4,0,9,48,1,1
512,5,1,11,50,0,1
512,6,0,11,66,1,1
512,7,1,30,85,0,1
512,8,0,30,120,1,1
512,9,1,58,148,0,1
512,10,0,58,164,1,1
512,11,1,61,167,0,1
512,12,0,61,176,1,1
512,13,1,80,197,0,1
512,14,0,80,490,1,1
512,15,1,126,536,0,1
512,16,0,126,560,1,1
512,17,1,128,562,0,1
512,18,0,128,590,1,1
512,19,1,188,651,0,1
512,20,0,188,700,1,1
512,21,1,210,722,0,1
512,22,0,210,743,1,1
512,23,1,226,759,0,1
512,24,0,226,833,1,1
512,25,1,254,861,0,1
512,26,0,254,938,1,1
513,0,0,0,1,1,1
515,0,0,0,1,1,1
515,1,1,281,282,0,1
515,2,0,281,313,1,1
516,0,0,0,1,1,1
518,0,0,0,1,1,1
518,1,3,281,4,1,1
518,2,2,46,10,1,1
518,3,3,300,51,1,1
520,0,0,0,1,1,1
520,1,1,52,52,0,1
520,2,0,52,211,1,1
520,3,1,54,213,0,1
520,4,0,54,856,1,1
520,5,2,106,948,1,1
520,6,2,97,956,1,1
520,7,2,96,972,1,1
520,8,1,98,974,0,1
520,9,0,98,1009,1,1
520,10,1,107,1018,0,1
520,11,0,107,1043,1,1
520,12,2,115,1064,1,1
520,13,1,117,1067,0,1
520,14,0,117,1103,1,1
520,15,1,119,1105,0,1
520,16,0,119,1141,1,1
520,17,1,125,1147,0,1
520,18,0,125,1170,1,1
520,19,1,131,1176,0,1
520,20,0,131,1195,1,1
520,21,1,139,1203,0,1
520,22,0,139,1242,1,1
520,23,1,149,1252,0,1
520,24,0,149,1298,1,1
520,25,1,157,1306,0,1
520,26,0,157,1320,1,1
520,27,1,195,1358,0,1
520,28,0,195,1362,1,1
520,29,2,160,1368,1,1
520,30,1,168,1380,0,1
520,31,0,168,1407,1,1
520,32,1,172,1411,0,1
520,33,0,172,1418,1,1
520,34,1,177,1423,0,1
520,35,0,177,1444,1,1
520,36,1,200,1467,0,1
520,37,0,200,1497,1,1
520,38,1,213,1510,0,1
520,39,0,213,1521,1,1
521,0,0,0,1,1,1
521,1,2,20,44,1,1
521,2,1,26,50,0,1
521,3,2,17,54,0,1
521,4,1,17,54,0,1
521,5,0,17,57,1,1
521,6,3,27,62,1,1
521,7,1,27,62,0,1
521,8,0,27,102,1,1
521,9,1,50,125,0,1
521,10,0,50,146,1,1
521,11,2,71,180,1,1
521,12,1,105,218,0,1
521,13,0,105,240,1,1
521,14,2,128,276,1,1
521,15,2,123,284,1,1
521,16,2,158,349,1,1
521,17,1,159,352,0,1
521,18,0,159,385,1,1
522,0,0,0,1,1,1
522,1,1,12,13,0,1
522,2,0,12,56,1,1
522,3,1,13,57,0,1
522,4,0,13,98,1,1
522,5,2,123,214,1,1
522,6,2,115,220,1,1
522,7,1,137,242,0,1
522,8,2,125,246,0,1
522,9,3,128,248,0,1
522,10,1,128,248,0,1
522,11,0,128,323,1,1
522,12,1,193,388,0,1
522,13,0,193,485,1,1
528,0,0,0,1,1,1
529,0,0,0,1,1,1
529,1,1,80,81,0,1
529,2,0,80,104,1,1
529,3,2,131,261,1,1
529,4,3,206,268,1,1
529,5,1,412,476,0,1
529,6,0,412,478,1,1
530,0,0,0,1,1,1
530,1,1,8,9,0,1
530,2,0,8,388,1,1
530,3,2,107,530,1,1
530,4,1,178,601,0,1
530,5,0,178,1226,1,1
530,6,1,194,1242,0,1
530,7,0,194,1385,1,1
530,8,1,212,1403,0,1
530,9,0,212,1414,1,1
532,0,0,0,1,1,1
532,1,1,27,28,0,1
532,2,0,27,103,1,1
532,3,2,229,309,1,1
532,4,1,229,309,0,1
532,5,0,229,355,1,1
532,6,2,299,454,1,1
532,7,2,357,528,1,1
533,0,0,0,1,1,1
533,1,2,9,18,1,1
533,2,1,85,94,0,1
533,3,0,85,207,1,1
533,4,2,129,273,1,1
533,5,3,150,278,1,1
533,6,2,128,318,1,1
533,7,3,177,325,1,1
533,8,2,11,372,1,1
533,9,3,208,376,1,1
533,10,1,243,411,0,1
533,11,0,243,429,1,1
534,0,0,0,1,1,1
535,0,0,0,1,1,1
535,1,1,219,219,0,1
535,2,0,219,228,1,1
536,0,0,0,1,1,1
538,0,0,0,2,1,1
538,1,3,180,4,1,1
538,2,3,295,19,1,1
539,0,0,0,1,1,1
539,1,3,127,9,1,1
544,0,0,0,1,1,1
545,0,0,0,1,1,1
545,1,2,113,133,1,1
545,2,2,111,144,1,1
545,3,2,103,153,1,1
545,4,3,121,160,1,1
545,5,1,149,192,0,1
545,6,0,149,235,1,1
545,7,1,169,255,0,1
545,8,0,169,273,1,1
545,9,1,273,376,0,1
545,10,0,273,386,1,1
546,0,0,0,1,1,1
546,1,1,122,122,0,1
546,2,0,122,129,1,1
547,0,0,0,1,1,1
549,0,0,0,2,1,1
550,0,0,0,1,1,1
550,1,2,35,53,1,1
550,2,1,38,60,0,1
550,3,0,38,124,1,1
550,4,1,43,129,0,1
550,5,0,43,159,1,1
550,6,1,56,172,0,1
550,7,0,56,201,1,1
550,8,1,62,207,0,1
550,9,0,62,508,1,1
550,10,1,93,539,0,1
550,11,0,93,606,1,1
550,12,2,101,621,1,1
550,13,2,97,626,1,1
550,14,1,99,628,0,1
550,15,0,99,676,1,1
550,16,1,106,683,0,1
550,17,2,101,688,0,1
550,18,1,101,688,0,1
550,19,0,101,690,1,1
550,20,1,103,692,0,1
550,21,0,103,718,1,1
550,22,1,109,724,0,1
550,23,0,109,770,1,1
550,24,1,111,772,0,1
550,25,0,111,789,1,1
550,26,1,115,793,0,1
550,27,0,115,801,1,1
550,28,1,117,803,0,1
550,29,0,117,823,1,1
550,30,1,120,826,0,1
550,31,0,120,834,1,1
550,32,1,121,835,0,1
550,33,0,121,859,1,1
550,34,1,125,863,0,1
550,35,0,125,883,1,1
550,36,1,132,890,0,1
550,37,0,132,910,1,1
550,38,1,136,914,0,1
550,39,0,136,929,1,1
550,40,1,137,930,0,1
550,41,0,137,941,1,1
550,42,1,138,942,0,1
550,43,0,138,956,1,1
550,44,1,141,959,0,1
550,45,0,141,999,1,1
550,46,1,147,1005,0,1
550,47,0,147,1014,1,1
550,48,1,150,1017,0,1
550,49,0,150,1030,1,1
550,50,1,154,1034,0,1
550,51,0,154,1054,1,1
550,52,1,163,1064,0,1
550,53,0,163,1074,1,1
550,54,1,165,1076,0,1
550,55,0,165,1084,1,1
550,56,1,180,1099,0,1
550,57,0,180,1109,1,1
550,58,1,212,1141,0,1
550,59,0,212,1145,1,1
551,0,0,0,1,1,1
551,1,1,29,29,0,1
551,2,0,29,86,1,1
551,3,1,39,96,0,1
551,4,0,39,112,1,1
551,5,1,50,123,0,1
551,6,0,50,166,1,1
551,7,1,70,186,0,1
551,8,0,70,195,1,1
551,9,1,123,247,0,1
551,10,0,123,263,1,1
551,11,1,130,270,0,1
551,12,0,130,315,1,1
551,13,1,131,316,0,1
551,14,0,131,495,1,1
551,15,1,165,529,0,1
551,16,0,165,560,1,1
551,17,1,228,623,0,1
551,18,0,228,760,1,1
551,19,1,301,833,0,1
551,20,0,301,913,1,1
551,21,1,420,1031,0,1
551,22,0,420,1079,1,1
552,0,0,0,1,1,1
552,1,1,14,14,0,1
552,2,0,14,49,1,1
552,3,2,32,71,1,1
552,4,1,32,71,0,1
552,5,0,32,114,1,1
552,6,1,42,124,0,1
552,7,0,42,158,1,1
552,8,1,57,173,0,1
552,9,0,57,209,1,1
552,10,1,64,216,0,1
552,11,0,64,246,1,1
552,12,1,81,262,0,1
552,13,0,81,323,1,1
552,14,1,128,370,0,1
552,15,0,128,407,1,1
552,16,1,154,433,0,1
552,17,0,154,471,1,1
552,18,1,189,506,0,1
552,19,0,189,647,1,1
552,20,1,226,683,0,1
552,21,0,226,1373,1,1
553,0,0,0,1,1,1
553,1,2,2,14,1,1
553,2,1,2,18,0,1
553,3,0,2,20,1,1
553,4,1,21,39,0,1
553,5,0,21,84,1,1
553,6,1,26,89,0,1
553,7,2,21,93,0,1
553,8,1,21,93,0,1
553,9,0,21,95,1,1
553,10,1,28,103,0,1
553,11,0,28,164,1,1
553,12,2,30,175,1,1
553,13,1,31,178,0,1
553,14,0,31,246,1,1
553,15,1,38,253,0,1
553,16,0,38,273,1,1
553,17,1,40,275,0,1
553,18,0,40,306,1,1
553,19,1,50,316,0,1
553,20,0,50,347,1,1
553,21,1,65,362,0,1
553,22,0,65,415,1,1
553,23,1,75,425,0,1
553,24,0,75,427,1,1
553,25,1,76,428,0,1
553,26,0,76,433,1,1
553,27,1,82,439,0,1
553,28,0,82,463,1,1
553,29,1,88,469,0,1
553,30,0,88,499,1,1
553,31,1,101,512,0,1
553,32,0,101,518,1,1
553,33,1,105,522,0,1
553,34,0,105,533,1,1
553,35,1,107,535,0,1
553,36,0,107,654,1,1
553,37,1,114,661,0,1
553,38,0,114,692,1,1
553,39,1,119,697,0,1
553,40,2,0,741,0,1
553,41,1,0,743,0,1
553,42,3,139,747,0,1
553,43,2,100,749,0,1
553,44,1,100,749,0,1
553,45,0,100,751,1,1
553,46,1,106,757,0,1
553,47,0,106,987,1,1
553,48,2,123,1012,1,1
553,49,1,123,1012,0,1
553,50,0,123,1330,1,1
553,51,1,146,1353,0,1
553,52,0,146,2757,1,1
553,53,1,147,2758,0,1
553,54,2,138,2763,0,1
553,55,1,138,2763,0,1
553,56,2,129,2766,0,1
553,57,1,129,2766,0,1
553,58,2,115,2769,0,1
553,59,1,115,2769,0,1
553,60,0,115,2771,1,1
553,61,1,121,2777,0,1
553,62,0,121,2820,1,1
553,63,1,130,2830,0,1
553,64,0,130,2860,1,1
553,65,1,133,2863,0,1
553,66,0,133,2895,1,1
553,67,1,141,2903,0,1
553,68,0,141,2921,1,1
553,69,1,146,2926,0,1
553,70,0,146,2958,1,1
553,71,1,152,2964,0,1
553,72,0,152,2989,1,1
553,73,1,169,3007,0,1
553,74,0,169,3025,1,1
553,75,1,177,3033,0,1
553,76,2,171,3054,0,1
553,77,1,171,3054,0,1
553,78,0,171,3058,1,1
553,79,1,179,3066,0,1
553,80,0,179,3090,1,1
553,81,1,182,3093,0,1
553,82,0,182,3104,1,1
553,83,1,221,3143,0,1
553,84,0,221,3153,1,1
553,85,2,281,3227,1,1
553,86,2,276,3232,1,1
553,87,2,264,3239,1,1
553,88,1,264,3243,0,1
553,89,0,264,3247,1,1
553,90,1,292,3275,0,1
553,91,2,31,3403,0,1
553,92,1,31,3403,0,1
553,93,3,235,3408,0,1
553,94,1,235,3408,0,1
553,95,3,253,3411,0,1
553,96,1,253,3411,0,1
553,97,0,253,3415,1,1
553,98,3,271,3425,1,1
553,99,1,273,3431,0,1
553,100,0,273,3487,1,1
553,101,1,279,3493,0,1
553,102,0,279,3500,1,1
553,103,1,284,3505,0,1
553,104,0,284,3516,1,1
553,105,1,295,3527,0,1
553,106,0,295,3538,1,1
553,107,1,298,3541,0,1
553,108,0,298,3568,1,1
553,109,1,352,3622,0,1
553,110,0,352,3642,1,1
553,111,1,353,3643,0,1
553,112,0,353,3669,1,1
553,113,1,358,3674,0,1
553,114,0,358,3678,1,1
553,115,2,364,3716,1,1
553,116,1,364,3718,0,1
553,117,0,364,3722,1,1
553,118,2,346,3726,1,1
553,119,1,346,3726,0,1
553,120,0,346,3728,1,1
554,0,0,0,1,1,1
554,1,1,22,23,0,1
554,2,0,22,38,1,1
554,3,1,31,47,0,1
554,4,0,31,79,1,1
554,5,1,33,81,0,1
554,6,0,33,95,1,1
554,7,1,45,107,0,1
554,8,0,45,128,1,1
554,9,1,47,130,0,1
554,10,0,47,157,1,1
554,11,1,151,261,0,1
554,12,0,151,278,1,1
554,13,1,170,297,0,1
554,14,2,162,304,0,1
554,15,1,162,304,0,1
554,16,0,162,318,1,1
554,17,1,168,324,0,1
554,18,0,168,341,1,1
554,19,1,221,394,0,1
554,20,2,198,412,0,1
554,21,1,198,414,0,1
554,22,3,219,419,0,1
554,23,1,219,421,0,1
554,24,0,219,423,1,1
554,25,1,267,471,0,1
554,26,0,267,580,1,1
554,27,1,276,589,0,1
554,28,0,276,630,1,1
554,29,1,300,654,0,1
554,30,0,300,675,1,1
554,31,2,351,733,1,1
554,32,1,354,736,0,1
554,33,0,354,799,1,1
555,0,0,0,1,1,1
555,1,1,5,6,0,1
555,2,0,5,27,1,1
555,3,2,6,37,1,1
555,4,1,9,40,0,1
555,5,0,9,62,1,1
555,6,1,12,65,0,1
555,7,0,12,94,1,1
555,8,1,31,113,0,1
555,9,0,31,124,1,1
555,10,1,47,140,0,1
555,11,0,47,153,1,1
555,12,1,56,162,0,1
555,13,0,56,186,1,1
555,14,1,66,196,0,1
555,15,0,66,216,1,1
555,16,1,77,227,0,1
555,17,0,77,269,1,1
555,18,1,83,275,0,1
555,19,0,83,299,1,1
555,20,1,87,303,0,1
555,21,0,87,366,1,1
555,22,1,107,386,0,1
555,23,0,107,441,1,1
555,24,2,120,460,1,1
555,25,1,123,463,0,1
555,26,0,123,476,1,1
555,27,1,129,482,0,1
555,28,0,129,519,1,1
555,29,1,131,521,0,1
555,30,0,131,526,1,1
555,31,1,183,578,0,1
555,32,2,177,588,0,1
555,33,1,177,588,0,1
555,34,0,177,603,1,1
555,35,1,192,618,0,1
555,36,0,192,624,1,1
555,37,1,204,636,0,1
555,38,0,204,647,1,1
555,39,1,208,651,0,1
555,40,0,208,666,1,1
555,41,1,214,672,0,1
555,42,0,214,675,1,1
555,43,2,210,681,1,1
555,44,1,212,685,0,1
555,45,0,212,704,1,1
555,46,1,223,715,0,1
555,47,0,223,725,1,1
556,0,0,0,1,1,1
556,1,1,10,11,0,1
556,2,0,10,28,1,1
556,3,1,14,32,0,1
556,4,0,14,51,1,1
556,5,1,21,58,0,1
556,6,0,21,79,1,1
556,7,1,25,83,0,1
556,8,0,25,105,1,1
556,9,1,26,106,0,1
556,10,0,26,116,1,1
556,11,1,28,118,0,1
556,12,0,28,146,1,1
556,13,1,34,152,0,1
556,14,0,34,175,1,1
556,15,2,45,194,1,1
556,16,2,42,199,1,1
556,17,1,59,216,0,1
556,18,0,59,235,1,1
556,19,1,66,242,0,1
556,20,0,66,263,1,1
556,21,1,78,275,0,1
556,22,0,78,318,1,1
556,23,2,128,377,1,1
556,24,1,129,382,0,1
556,25,0,129,421,1,1
556,26,1,153,445,0,1
556,27,0,153,474,1,1
556,28,1,157,478,0,1
556,29,0,157,500,1,1
556,30,1,185,527,0,1
556,31,0,185,576,1,1
556,32,1,192,583,0,1
556,33,0,192,632,1,1
556,34,1,204,644,0,1
556,35,0,204,673,1,1
556,36,1,211,680,0,1
556,37,0,211,717,1,1
556,38,1,214,720,0,1
556,39,0,214,745,1,1
556,40,1,290,821,0,1
556,41,2,285,833,0,1
556,42,1,285,833,0,1
556,43,0,285,860,1,1
560,0,0,0,1,1,1
561,0,0,0,1,1,1
562,0,0,0,1,1,1
562,1,1,19,20,0,1
562,2,0,19,31,1,1
562,3,1,73,85,0,1
562,4,0,73,124,1,1
562,5,2,10,196,1,1
562,6,2,8,205,1,1
562,7,2,15,229,1,1
562,8,3,161,243,1,1
562,9,2,128,246,1,1
562,10,2,188,321,1,1
563,0,0,0,1,1,1
564,0,0,0,1,1,1
564,1,2,13,27,1,1
564,2,2,82,110,1,1
564,3,3,87,113,1,1
566,0,0,0,1,1,1
566,1,1,2,3,0,1
566,2,0,2,533,1,1
566,3,1,95,626,0,1
566,4,0,95,632,1,1
568,0,0,0,1,1,1
568,1,1,12,13,0,1
568,2,2,10,16,0,1
568,3,1,10,16,0,1
568,4,0,10,49,1,1
568,5,1,95,134,0,1
568,6,0,95,141,1,1
568,7,2,189,239,1,1
568,8,1,189,240,0,1
568,9,2,187,242,0,1
568,10,2,181,249,0,1
568,11,1,255,326,0,1
568,12,0,255,337,1,1
569,0,0,0,1,1,1
569,1,1,46,47,0,1
569,2,0,46,64,1,1
569,3,1,178,196,0,1
569,4,0,178,206,1,1
569,5,2,200,230,1,1
569,6,1,200,230,0,1
569,7,0,200,262,1,1
570,0,0,0,1,1,1
570,1,1,86,87,0,1
570,2,2,47,221,0,1
570,3,1,79,254,0,1
570,4,0,79,305,1,1
570,5,1,98,324,0,1
570,6,0,98,329,1,1
571,0,0,0,1,1,1
571,1,1,4,5,0,1
571,2,0,4,39,1,1
571,3,1,9,44,0,1
571,4,0,9,801,1,1
571,5,1,145,937,0,1
571,6,0,145,1023,1,1
571,7,1,191,1069,0,1
571,8,2,189,1081,0,1
571,9,1,189,1081,0,1
571,10,0,189,1133,1,1
571,11,1,195,1139,0,1
571,12,0,195,1168,1,1
571,13,2,226,1206,1,1
573,0,0,0,2,1,1
573,1,1,36,38,0,1
573,2,0,36,105,1,1
573,3,1,195,264,0,1
573,4,0,195,332,1,1
573,5,2,243,439,1,1
573,6,3,305,447,1,1
577,0,0,0,1,1,1
577,1,1,59,60,0,1
577,2,0,59,469,1,1
578,0,0,0,1,1,1
578,1,2,15,35,1,1
579,0,0,0,1,1,1
579,1,1,102,102,0,1
579,2,0,102,122,1,1
579,3,1,202,221,0,1
579,4,0,202,227,1,1
581,0,0,0,1,1,1
581,1,1,47,48,0,1
581,2,0,47,118,1,1
581,3,1,139,210,0,1
581,4,0,139,272,1,1
581,5,1,199,332,0,1
581,6,0,199,374,1,1
582,0,0,0,1,1,1
582,1,2,17,27,1,1
582,2,1,21,31,0,1
582,3,0,21,54,1,1
582,4,1,31,63,0,1
582,5,0,31,94,1,1
582,6,2,63,132,1,1
582,7,1,93,162,0,1
582,8,0,93,377,1,1
582,9,1,248,533,0,1
582,10,0,248,536,1,1
583,0,0,0,1,1,1
583,1,1,60,60,0,1
583,2,0,60,150,1,1
583,3,1,80,170,0,1
583,4,0,80,267,1,1
583,5,1,158,344,0,1
583,6,0,158,476,1,1
584,0,0,0,2,1,1
584,1,1,148,150,0,1
584,2,0,148,190,1,1
584,3,1,150,192,0,1
584,4,0,150,226,1,1
584,5,2,185,284,1,1
584,6,1,187,286,0,1
584,7,0,187,336,1,1
584,8,1,188,337,0,1
584,9,0,188,365,1,1
584,10,1,195,372,0,1
584,11,0,195,407,1,1
584,12,1,201,413,0,1
584,13,0,201,452,1,1
584,14,1,213,464,0,1
584,15,0,213,491,1,1
585,0,0,0,1,1,1
585,1,2,33,56,1,1
585,2,1,46,71,0,1
585,3,0,46,120,1,1
585,4,1,61,135,0,1
585,5,0,61,170,1,1
585,6,1,69,178,0,1
585,7,0,69,195,1,1
585,8,1,140,266,0,1
585,9,0,140,322,1,1
585,10,1,164,346,0,1
585,11,0,164,366,1,1
585,12,2,169,392,1,1
585,13,1,175,399,0,1
585,14,0,175,419,1,1
586,0,0,0,1,1,1
586,1,1,31,32,0,1
586,2,0,31,55,1,1
586,3,1,96,120,0,1
586,4,0,96,185,1,1
586,5,3,165,214,1,1
586,6,3,192,219,1,1
586,7,3,215,224,1,1
586,8,3,235,229,1,1
586,9,3,253,237,1,1
586,10,1,260,244,0,1
586,11,0,260,279,1,1
587,0,0,0,1,1,1
587,1,2,80,94,1,1
587,2,1,172,188,0,1
587,3,0,172,269,1,1
587,4,1,247,344,0,1
587,5,2,227,357,0,1
587,6,3,240,359,0,1
587,7,1,240,361,0,1
587,8,0,240,371,1,1
588,0,0,0,1,1,1
588,1,1,11,12,0,1
588,2,0,11,68,1,1
588,3,1,21,78,0,1
588,4,0,21,248,1,1
588,5,1,43,270,0,1
588,6,0,43,305,1,1
588,7,2,66,339,1,1
588,8,1,67,340,0,1
588,9,0,67,345,1,1
588,10,2,126,415,1,1
588,11,1,126,415,0,1
588,12,0,126,438,1,1
588,13,1,139,450,0,1
588,14,0,139,452,1,1
588,15,1,144,457,0,1
588,16,0,144,475,1,1
589,0,0,0,1,1,1
589,1,1,23,24,0,1
589,2,0,23,402,1,1
589,3,1,45,423,0,1
589,4,0,45,444,1,1
589,5,1,138,536,0,1
589,6,0,138,561,1,1
589,7,1,159,582,0,1
589,8,0,159,594,1,1
589,9,1,181,616,0,1
589,10,0,181,657,1,1
589,11,1,195,671,0,1
589,12,0,195,697,1,1
590,0,0,0,1,1,1
590,1,1,7,8,0,1
590,2,0,7,34,1,1
590,3,1,62,89,0,1
590,4,0,62,111,1,1
590,5,1,74,123,0,1
590,6,0,74,137,1,1
590,7,1,97,160,0,1
590,8,0,97,194,1,1
590,9,1,103,200,0,1
590,10,0,103,261,1,1
590,11,1,111,269,0,1
590,12,0,111,274,1,1
591,0,0,0,2,1,1
591,1,1,60,62,0,1
591,2,0,60,71,1,1
591,3,1,79,90,0,1
591,4,0,79,106,1,1
591,5,1,158,185,0,1
591,6,0,158,218,1,1
592,0,0,0,1,1,1
592,1,2,148,160,1,1
592,2,1,234,246,0,1
592,3,0,234,284,1,1
593,0,0,0,1,1,1
593,1,1,13,14,0,1
593,2,0,13,29,1,1
594,0,0,0,1,1,1
594,1,1,12,13,0,1
594,2,0,12,27,1,1
594,3,1,87,103,0,1
594,4,0,87,114,1,1
594,5,1,130,157,0,1
594,6,0,130,169,1,1
595,0,0,0,1,1,1
595,1,1,45,45,0,1
595,2,0,45,59,1,1
595,3,1,141,155,0,1
595,4,0,141,171,1,1
595,5,1,162,192,0,1
595,6,0,162,302,1,1
596,0,0,0,1,1,1
596,1,1,30,31,0,1
596,2,0,30,47,1,1
597,0,0,0,1,1,1
597,1,1,64,64,0,1
597,2,0,64,79,1,1
597,3,1,159,174,0,1
597,4,0,159,246,1,1
597,5,1,210,297,0,1
597,6,0,210,308,1,1
597,7,1,247,345,0,1
597,8,0,247,356,1,1
598,0,0,0,1,1,1
599,0,0,0,2,1,1
599,1,2,45,77,1,1
599,2,2,245,296,1,1
600,0,0,0,3,1,1
601,0,0,0,3,1,1
602,0,0,0,1,1,1
602,1,2,0,24,1,1
602,2,2,0,43,1,1
602,3,2,45,96,1,1
610,0,0,0,1,1,1
610,1,1,46,46,0,1
610,2,0,46,119,1,1
610,3,1,72,145,0,1
610,4,0,72,183,1,1
610,5,1,140,251,0,1
610,6,0,140,642,1,1
610,7,1,160,662,0,1
610,8,0,160,694,1,1
610,9,1,197,731,0,1
610,10,0,197,791,1,1
612,0,0,0,1,1,1
612,1,1,30,31,0,1
612,2,0,30,289,1,1
612,3,1,49,308,0,1
612,4,0,49,400,1,1
612,5,1,64,414,0,1
612,6,0,64,458,1,1
612,7,1,75,469,0,1
612,8,0,75,497,1,1
612,9,1,97,519,0,1
612,10,0,97,602,1,1
612,11,1,112,617,0,1
612,12,0,112,651,1,1
613,0,0,0,1,1,1
613,1,1,80,80,0,1
613,2,0,80,98,1,1
613,3,1,103,121,0,1
613,4,0,103,140,1,1
613,5,1,114,151,0,1
613,6,0,114,170,1,1
613,7,1,158,213,0,1
613,8,0,158,334,1,1
613,9,1,211,387,0,1
613,10,0,211,1840,1,1
613,11,1,249,1878,0,1
613,12,0,249,1910,1,1
615,0,0,0,1,1,1
616,0,0,0,1,1,1
618,0,0,0,1,1,1
618,1,1,6,7,0,1
618,2,0,6,39,1,1
618,3,1,11,44,0,1
618,4,0,11,81,1,1
618,5,2,27,110,1,1
618,6,1,126,208,0,1
618,7,0,126,363,1,1
618,8,1,191,428,0,1
618,9,0,191,511,1,1
618,10,1,196,516,0,1
618,11,0,196,833,1,1
618,12,1,204,840,0,1
618,13,0,204,864,1,1
618,14,1,214,874,0,1
618,15,0,214,891,1,1
618,16,2,241,929,1,1
618,17,1,245,933,0,1
618,18,2,237,940,0,1
618,19,1,237,940,0,1
618,20,0,237,942,1,1
618,21,2,32,1016,1,1
618,22,2,17,1084,1,1
618,23,1,148,1215,0,1
618,24,0,148,1226,1,1
618,25,1,179,1257,0,1
618,26,3,282,1368,0,1
618,27,1,282,1368,0,1
618,28,3,298,1371,0,1
618,29,2,215,1372,0,1
618,30,1,215,1372,0,1
618,31,0,215,1374,1,1
619,0,0,0,1,1,1
619,1,1,51,52,0,1
619,2,0,51,79,1,1
619,3,1,71,99,0,1
619,4,0,71,125,1,1
619,5,1,139,192,0,1
619,6,0,139,243,1,1
619,7,2,179,301,1,1
619,8,1,180,303,0,1
619,9,0,180,326,1,1
619,10,1,200,346,0,1
619,11,0,200,393,1,1
620,0,0,0,1,1,1
620,1,1,32,33,0,1
620,2,0,32,539,1,1
620,3,2,51,577,1,1
620,4,1,74,604,0,1
620,5,0,74,622,1,1
621,0,0,0,1,1,1
622,0,0,0,1,1,1
622,1,1,29,30,0,1
622,2,0,29,116,1,1
622,3,1,182,268,0,1
622,4,0,182,272,1,1
623,0,0,0,1,1,1
624,0,0,0,1,1,1
625,0,0,0,1,1,1
625,1,1,35,36,0,1
625,2,0,35,476,1,1
626,0,0,0,1,1,1
626,1,1,65,65,0,1
626,2,0,65,117,1,1
627,0,0,0,1,1,1
627,1,1,9,10,0,1
627,2,0,9,139,1,1
628,0,0,0,1,1,1
629,0,0,0,1,1,1
630,0,0,0,1,1,1
631,0,0,0,1,1,1
631,1,0,9,31,1,1
632,0,0,0,1,1,1
633,0,0,0,1,1,1
633,1,2,113,121,1,1
633,2,3,274,133,1,1
634,0,0,0,1,1,1
634,1,3,297,117,1,1
636,0,0,0,1,1,1
636,1,1,70,70,0,1
636,2,0,70,90,1,1
636,3,2,179,269,1,1
636,4,2,244,356,1,1
637,0,0,0,2,1,1
637,1,1,24,26,0,1
637,2,0,24,29,1,1
637,3,1,169,174,0,1
637,4,0,169,204,1,1
638,0,0,0,5,1,1
642,0,0,0,1,1,1
642,1,1,13,14,0,1
642,2,0,13,50,1,1
642,3,3,313,107,1,1
643,0,0,0,1,1,1
644,0,0,0,1,1,1
645,0,0,0,1,1,1
645,1,2,0,8,1,1
646,0,0,0,1,1,1
647,0,0,0,1,1,1
648,0,0,0,1,1,1
648,1,1,7,8,0,1
648,2,0,7,19,1,1
648,3,1,18,30,0,1
648,4,0,18,41,1,1
649,0,0,0,1,1,1
649,1,2,223,242,1,1
649,2,1,225,247,0,1
649,3,0,225,345,1,1
650,0,0,0,1,1,1
651,0,0,0,1,1,1
652,0,0,0,1,1,1
653,0,0,0,1,1,1
653,1,1,3,4,0,1
653,2,0,3,10,1,1
654,0,0,0,1,1,1
657,0,0,0,1,1,1
657,1,3,179,3,1,1
659,0,0,0,1,1,1
660,0,0,0,1,1,1
660,1,1,51,52,0,1
660,2,0,51,451,1,1
664,0,0,0,1,1,1
664,1,2,74,82,1,1
664,2,2,87,104,1,1
665,0,0,0,1,1,1
666,0,0,0,1,1,1
666,1,2,0,17,1,1
667,0,0,0,1,1,1
667,1,1,68,68,0,1
667,2,0,68,110,1,1
667,3,1,127,169,0,1
667,4,0,127,192,1,1
667,5,1,156,221,0,1
667,6,0,156,302,1,1
667,7,1,230,376,0,1
667,8,0,230,485,1,1
667,9,1,277,532,0,1
667,10,0,277,590,1,1
668,0,0,0,1,1,1
669,0,0,0,1,1,1
670,0,0,0,8,1,1
670,1,1,33,41,0,1
670,2,0,33,69,1,1
670,3,1,63,99,0,1
670,4,0,63,119,1,1
670,5,1,76,132,0,1
670,6,0,76,134,1,1
670,7,1,79,137,0,1
670,8,0,79,139,1,1
670,9,1,81,141,0,1
670,10,0,81,143,1,1
670,11,1,84,146,0,1
670,12,0,84,260,1,1
670,13,1,109,285,0,1
670,14,0,109,323,1,1
670,15,1,124,338,0,1
670,16,0,124,369,1,1
670,17,1,153,398,0,1
670,18,0,153,453,1,1
670,19,2,230,533,1,1
670,20,1,231,534,0,1
670,21,0,231,571,1,1
670,22,2,231,575,1,1
670,23,1,231,575,0,1
670,24,0,231,605,1,1
670,25,1,277,651,0,1
670,26,0,277,675,1,1
672,0,0,0,1,1,1
673,0,0,0,1,1,1
674,0,0,0,1,1,1
674,1,1,89,89,0,1
674,2,0,89,351,1,1
674,3,1,96,358,0,1
674,4,0,96,389,1,1
675,0,0,0,1,1,1
676,0,0,0,1,1,1
677,0,0,0,1,1,1
677,1,1,65,65,0,1
677,2,0,65,94,1,1
677,3,1,110,139,0,1
677,4,0,110,178,1,1
677,5,1,124,192,0,1
677,6,0,124,196,1,1
677,7,1,128,200,0,1
677,8,0,128,234,1,1
677,9,1,154,259,0,1
677,10,0,154,317,1,1
677,11,1,236,398,0,1
677,12,0,236,410,1,1
678,0,0,0,1,1,1
678,1,1,41,42,0,1
678,2,0,41,83,1,1
678,3,1,101,143,0,1
678,4,0,101,159,1,1
678,5,1,106,164,0,1
678,6,0,106,180,1,1
678,7,2,145,222,1,1
678,8,1,146,223,0,1
678,9,2,142,227,0,1
678,10,1,143,229,0,1
678,11,0,143,259,1,1
678,12,2,135,268,1,1
678,13,2,116,273,1,1
678,14,1,281,437,0,1
678,15,2,260,448,0,1
678,16,1,278,467,0,1
678,17,0,278,472,1,1
678,18,1,296,490,0,1
678,19,0,296,497,1,1
679,0,0,0,1,1,1
682,0,0,0,1,1,1
682,1,1,2,3,0,1
682,2,0,2,168,1,1
682,3,1,176,341,0,1
682,4,0,176,376,1,1
682,5,2,158,387,1,1
682,6,2,142,392,1,1
683,0,0,0,1,1,1
683,1,1,93,93,0,1
683,2,0,93,159,1,1
683,3,1,121,187,0,1
683,4,0,121,242,1,1
684,0,0,0,1,1,1
684,1,1,232,232,0,1
684,2,0,232,309,1,1
684,3,2,192,356,1,1
684,4,2,177,361,1,1
684,5,3,212,362,1,1
685,0,0,0,1,1,1
687,0,0,0,1,1,1
687,1,1,18,19,0,1
687,2,0,18,65,1,1
688,0,0,0,1,1,1
688,1,1,65,66,0,1
688,2,0,65,68,1,1
688,3,1,67,71,0,1
688,4,0,67,73,1,1
688,5,1,73,79,0,1
688,6,0,73,87,1,1
688,7,1,92,106,0,1
688,8,0,92,113,1,1
688,9,1,102,123,0,1
688,10,0,102,131,1,1
688,11,1,107,136,0,1
688,12,0,107,141,1,1
688,13,1,114,148,0,1
688,14,0,114,151,1,1
688,15,1,118,155,0,1
688,16,0,118,159,1,1
689,0,0,0,1,1,1
691,0,0,0,1,1,1
693,0,0,0,1,1,1
693,1,2,28,123,1,1
694,0,0,0,1,1,1
694,1,2,21,45,1,1
694,2,1,21,45,0,1
694,3,0,21,104,1,1
694,4,1,55,138,0,1
694,5,0,55,404,1,1
694,6,1,82,431,0,1
694,7,0,82,821,1,1
696,0,0,0,1,1,1
698,0,0,0,1,1,1
698,1,2,38,50,1,1
698,2,2,52,75,1,1
699,0,0,0,2,1,1
699,1,1,13,15,0,1
699,2,0,13,27,1,1
699,3,1,402,411,0,1
699,4,0,402,427,1,1
700,0,0,0,1,1,1
701,0,0,0,1,1,1
701,1,1,370,370,0,1
701,2,0,370,374,1,1
702,0,0,0,2,1,1
702,1,1,7,9,0,1
702,2,0,7,25,1,1
702,3,1,10,28,0,1
702,4,0,10,141,1,1
702,5,1,12,143,0,1
702,6,0,12,145,1,1
702,7,1,23,155,0,1
702,8,0,23,157,1,1
702,9,1,31,165,0,1
702,10,0,31,495,1,1
702,11,1,48,513,0,1
702,12,0,48,520,1,1
702,13,1,57,529,0,1
702,14,0,57,839,1,1
702,15,1,100,882,0,1
702,16,0,100,1059,1,1
703,0,0,0,1,1,1
703,1,1,6,7,0,1
703,2,0,6,190,1,1
703,3,1,8,192,0,1
703,4,0,8,225,1,1
703,5,1,10,227,0,1
703,6,0,10,250,1,1
703,7,1,41,281,0,1
703,8,0,41,647,1,1
703,9,1,74,680,0,1
703,10,0,74,913,1,1
703,11,1,180,1020,0,1
703,12,0,180,1022,1,1
703,13,1,184,1026,0,1
703,14,0,184,1035,1,1
703,15,1,189,1040,0,1
703,16,0,189,2804,1,1
703,17,1,244,2858,0,1
703,18,0,244,3346,1,1
703,19,1,280,3382,0,1
703,20,0,280,3622,1,1
703,21,1,337,3679,0,1
703,22,0,337,3894,1,1
703,23,1,399,3956,0,1
703,24,0,399,4160,1,1
703,25,1,438,4199,0,1
703,26,0,438,4286,1,1
704,0,0,0,1,1,1
705,0,0,0,1,1,1
706,0,0,0,1,1,1
706,1,2,56,78,1,1
706,2,1,56,79,0,1
706,3,2,41,82,0,1
706,4,1,41,82,0,1
706,5,0,41,84,1,1
707,0,0,0,1,1,1
707,1,1,1,2,0,1
707,2,0,1,249,1,1
707,3,2,1,260,1,1
707,4,1,2,261,0,1
707,5,0,2,269,1,1
707,6,1,31,298,0,1
707,7,0,31,347,1,1
707,8,1,69,385,0,1
707,9,0,69,713,1,1
708,0,0,0,1,1,1
708,1,3,109,3,1,1
708,2,2,104,5,1,1
708,3,3,117,10,1,1
708,4,2,53,22,1,1
709,0,0,0,1,1,1
709,1,1,274,274,0,1
709,2,0,274,288,1,1
710,0,0,0,1,1,1
711,0,0,0,1,1,1
717,0,0,0,1,1,1
718,0,0,77,4,1,1
718,1,1,79,6,0,1
718,2,3,104,206,0,1
718,3,1,104,206,0,1
718,4,0,104,209,1,1
718,5,3,213,212,1,1
718,6,3,243,217,1,1
718,7,1,256,230,0,1
718,8,3,276,285,0,1
718,9,1,276,285,0,1
718,10,0,276,288,1,1
718,11,1,288,300,0,1
718,12,3,335,396,0,1
718,13,3,404,428,0,1
718,14,3,449,433,0,1
719,0,0,0,1,1,1
719,1,1,45,45,0,1
719,2,2,13,51,0,1
719,3,1,13,51,0,1
719,4,0,13,56,1,1
720,0,0,0,1,1,1
720,1,1,13,14,0,1
720,2,0,13,51,1,1
720,3,3,41,75,1,1
720,4,1,47,81,0,1
720,5,0,47,100,1,1
720,6,3,71,109,1,1
720,7,1,78,115,0,1
720,8,0,78,336,1,1
720,9,1,80,338,0,1
720,10,0,80,340,1,1
720,11,3,134,359,1,1
720,12,3,165,369,1,1
720,13,3,244,403,1,1
720,14,2,226,410,1,1
720,15,3,239,412,1,1
720,16,2,239,439,1,1
720,17,2,271,485,1,1
720,18,2,262,496,1,1
720,19,3,310,534,1,1
720,20,3,321,539,1,1
720,21,1,328,545,0,1
720,22,3,334,598,0,1
720,23,3,372,631,0,1
720,24,3,384,636,0,1
720,25,1,386,638,0,1
720,26,0,386,670,1,1
720,27,2,422,720,1,1
720,28,2,416,758,1,1
720,29,3,429,766,1,1
720,30,3,455,789,1,1
721,0,0,0,1,1,1
721,1,1,1,2,0,1
721,2,0,1,6,1,1
721,3,1,5,10,0,1
721,4,0,5,54,1,1
721,5,1,41,90,0,1
721,6,0,41,131,1,1
721,7,1,51,141,0,1
721,8,0,51,195,1,1
721,9,1,56,200,0,1
721,10,0,56,216,1,1
721,11,1,68,228,0,1
721,12,0,68,911,1,1
722,0,0,0,2,1,1
724,0,0,0,1,1,1
724,1,1,11,12,0,1
724,2,0,11,406,1,1
724,3,2,20,419,1,1
724,4,1,20,419,0,1
724,5,0,20,874,1,1
724,6,2,68,927,1,1
724,7,1,70,932,0,1
724,8,0,70,976,1,1
724,9,1,124,1030,0,1
724,10,2,128,1068,0,1
724,11,1,130,1073,0,1
724,12,0,130,1117,1,1
724,13,2,180,1183,1,1
724,14,2,166,1189,1,1
724,15,2,152,1195,1,1
724,16,1,152,1199,0,1
724,17,3,161,1313,0,1
724,18,1,161,1314,0,1
724,19,0,161,1316,1,1
724,20,1,190,1345,0,1
724,21,0,190,1381,1,1
724,22,1,194,1385,0,1
724,23,0,194,1393,1,1
724,24,2,213,1453,1,1
724,25,2,200,1467,1,1
724,26,3,219,1471,1,1
724,27,2,269,1542,1,1
724,28,2,250,1548,1,1
724,29,3,287,1552,1,1
725,0,0,0,1,1,1
726,0,0,0,1,1,1
726,1,2,265,284,1,1
726,2,1,265,284,0,1
726,3,0,265,288,1,1
727,0,0,0,1,1,1
727,1,1,16,17,0,1
727,2,0,16,112,1,1
727,3,1,35,131,0,1
727,4,0,35,212,1,1
727,5,2,51,249,1,1
727,6,1,52,253,0,1
727,7,0,52,445,1,1
727,8,1,62,455,0,1
727,9,0,62,867,1,1
727,10,3,107,903,1,1
728,0,0,184,136,1,1
728,1,1,249,201,0,1
728,2,0,249,659,1,1
728,3,1,335,744,0,1
728,4,2,325,748,0,1
728,5,1,325,748,0,1
728,6,0,325,1103,1,1
728,7,1,340,1118,0,1
728,8,0,340,1449,1,1
728,9,2,374,1502,1,1
728,10,2,361,1508,1,1
728,11,1,367,1514,0,1
728,12,0,367,1518,1,1
728,13,1,369,1520,0,1
728,14,0,369,1558,1,1
728,15,1,372,1561,0,1
728,16,0,372,1571,1,1
728,17,1,374,1573,0,1
728,18,0,374,1582,1,1
728,19,1,378,1586,0,1
728,20,0,378,1615,1,1
728,21,1,381,1618,0,1
728,22,0,381,1627,1,1
728,23,1,382,1628,0,1
728,24,0,382,1650,1,1
728,25,1,404,1672,0,1
728,26,0,404,1882,1,1
728,27,1,424,1902,0,1
728,28,0,424,2005,1,1
730,0,0,0,1,1,1
731,0,0,0,1,1,1
731,1,1,47,48,0,1
731,2,0,47,90,1,1
731,3,1,72,115,0,1
731,4,0,72,155,1,1
731,5,1,138,221,0,1
731,6,2,126,240,0,1
731,7,1,126,240,0,1
731,8,0,126,242,1,1
731,9,1,131,247,0,1
731,10,0,131,259,1,1
731,11,1,135,263,0,1
731,12,0,135,286,1,1
731,13,1,140,291,0,1
731,14,0,140,365,1,1
731,15,1,163,388,0,1
731,16,0,163,409,1,1
731,17,1,185,431,0,1
731,18,2,164,487,0,1
731,19,1,164,487,0,1
731,20,2,148,492,0,1
731,21,1,148,492,0,1
731,22,0,148,494,1,1
731,23,2,148,503,1,1
731,24,2,141,509,1,1
731,25,1,156,524,0,1
731,26,0,156,528,1,1
731,27,2,147,535,1,1
731,28,3,183,562,1,1
731,29,1,197,576,0,1
731,30,0,197,616,1,1
732,0,0,0,1,1,1
732,1,1,31,32,0,1
732,2,0,31,68,1,1
732,3,2,25,99,1,1
732,4,2,49,140,1,1
732,5,1,52,143,0,1
732,6,0,52,156,1,1
732,7,1,60,164,0,1
732,8,0,60,169,1,1
732,9,1,69,178,0,1
732,10,0,69,190,1,1
732,11,1,71,192,0,1
732,12,0,71,197,1,1
732,13,1,72,198,0,1
732,14,0,72,211,1,1
732,15,2,72,218,1,1
732,16,1,75,221,0,1
732,17,0,75,256,1,1
732,18,1,97,278,0,1
732,19,0,97,462,1,1
732,20,3,111,469,1,1
736,0,0,0,1,1,1
736,1,1,31,32,0,1
736,2,0,31,250,1,1
738,0,0,0,1,1,1
738,1,1,6,7,0,1
738,2,0,6,1099,1,1
738,3,1,32,1125,0,1
738,4,0,32,1188,1,1
738,5,1,34,1190,0,1
738,6,0,34,1214,1,1
738,7,1,43,1223,0,1
738,8,0,43,1256,1,1
738,9,1,44,1257,0,1
738,10,0,44,1264,1,1
738,11,1,50,1270,0,1
738,12,0,50,1279,1,1
738,13,1,51,1280,0,1
738,14,0,51,1413,1,1
739,0,0,0,1,1,1
739,1,1,9,10,0,1
739,2,0,9,44,1,1
739,3,1,36,71,0,1
739,4,0,36,90,1,1
739,5,1,81,135,0,1
739,6,0,81,142,1,1
739,7,3,153,196,1,1
739,8,3,163,202,1,1
741,0,0,0,1,1,1
741,1,1,7,8,0,1
741,2,0,7,1551,1,1
741,3,1,23,1566,0,1
741,4,0,23,1571,1,1
742,0,0,0,1,1,1
742,1,1,3,4,0,1
742,2,0,3,24,1,1
742,3,1,7,28,0,1
742,4,0,7,334,1,1
742,5,1,33,360,0,1
742,6,0,33,380,1,1
742,7,2,16,389,1,1
742,8,1,17,390,0,1
742,9,0,17,402,1,1
742,10,1,45,430,0,1
742,11,0,45,742,1,1
742,12,1,74,771,0,1
742,13,0,74,1032,1,1
742,14,1,119,1077,0,1
742,15,0,119,1339,1,1
743,0,0,0,1,1,1
743,1,1,13,13,0,1
743,2,2,0,17,0,1
743,3,1,0,17,0,1
743,4,0,0,19,1,1
743,5,1,24,43,0,1
743,6,2,0,119,0,1
743,7,1,33,153,0,1
743,8,0,33,182,1,1
744,0,0,0,1,1,1
744,1,1,9,10,0,1
744,2,0,9,26,1,1
745,0,0,0,2,1,1
746,0,0,0,1,1,1
747,0,0,0,1,1,1
749,0,0,0,1,1,1
752,0,0,0,1,1,1
753,0,0,0,1,1,1
754,0,0,0,1,1,1
755,0,0,0,1,1,1
755,1,1,7,8,0,1
755,2,0,7,35,1,1
755,3,1,46,74,0,1
755,4,0,46,100,1,1
755,5,2,97,177,1,1
755,6,1,98,178,0,1
755,7,0,98,196,1,1
755,8,3,122,199,1,1
757,0,0,0,1,1,1
757,1,1,77,77,0,1
757,2,0,77,97,1,1
758,0,0,0,1,1,1
759,0,0,0,1,1,1
759,1,1,219,219,0,1
759,2,0,219,223,1,1
761,0,0,0,1,1,1
764,0,0,0,1,1,1
764,1,1,27,28,0,1
764,2,0,27,77,1,1
764,3,1,51,101,0,1
764,4,0,51,180,1,1
764,5,1,91,220,0,1
764,6,0,91,310,1,1
764,7,1,123,342,0,1
764,8,0,123,390,1,1
765,0,0,0,1,1,1
766,0,0,0,1,1,1
766,1,1,3,5,0,1
766,2,0,3,7,1,1
766,3,1,7,12,0,1
766,4,0,7,18,1,1
766,5,1,19,30,0,1
766,6,0,19,35,1,1
766,7,1,27,43,0,1
766,8,0,27,47,1,1
766,9,1,35,55,0,1
766,10,0,35,62,1,1
766,11,1,99,125,0,1
766,12,0,99,129,1,1
766,13,1,107,137,0,1
766,14,0,107,143,1,1
766,15,1,119,155,0,1
766,16,0,119,158,1,1
766,17,1,123,162,0,1
766,18,0,123,165,1,1
766,19,1,141,183,0,1
766,20,0,141,187,1,1
766,21,1,151,197,0,1
766,22,0,151,202,1,1
766,23,1,159,210,0,1
766,24,0,159,219,1,1
766,25,1,163,223,0,1
766,26,0,163,234,1,1
766,27,1,167,238,0,1
766,28,0,167,242,1,1
769,0,0,0,1,1,1
769,1,2,22,61,1,1
770,0,0,0,1,1,1
771,0,0,0,1,1,1
771,1,2,113,130,1,1
771,2,2,112,137,1,1
771,3,1,112,137,0,1
771,4,3,123,145,0,1
772,0,0,0,2,1,1
772,1,1,3,5,0,1
772,2,0,3,113,1,1
773,0,0,0,1,1,1
773,1,1,8,10,0,1
773,2,0,8,60,1,1
773,3,1,44,96,0,1
773,4,0,44,124,1,1
773,5,1,72,152,0,1
773,6,0,72,159,1,1
773,7,1,129,216,0,1
773,8,0,129,225,1,1
774,0,0,0,2,1,1
774,1,1,10,12,0,1
774,2,0,10,316,1,1
775,0,0,0,1,1,1
775,1,1,15,16,0,1
775,2,0,15,392,1,1
775,3,1,60,437,0,1
775,4,0,60,1305,1,1
775,5,1,106,1351,0,1
775,6,0,106,1561,1,1
775,7,1,121,1576,0,1
775,8,0,121,2026,1,1
776,0,0,0,8,1,1
776,1,1,1,9,0,1
776,2,0,1,14,1,1
776,3,1,3,16,0,1
776,4,0,3,33,1,1
776,5,1,9,39,0,1
776,6,0,9,67,1,1
776,7,1,13,71,0,1
776,8,0,13,77,1,1
776,9,1,17,81,0,1
776,10,0,17,93,1,1
777,0,0,0,1,1,1
778,0,0,27,14,1,1
778,1,2,27,17,1,1
778,2,1,27,17,0,1
778,3,2,26,21,0,1
778,4,1,30,25,0,1
778,5,0,30,27,1,1
778,6,1,31,28,0,1
778,7,2,29,43,0,1
778,8,3,35,50,0,1
778,9,1,35,50,0,1
778,10,2,25,57,0,1
778,11,1,40,72,0,1
778,12,0,40,74,1,1
778,13,1,41,75,0,1
778,14,2,40,78,0,1
778,15,1,43,82,0,1
778,16,0,43,85,1,1
778,17,1,44,86,0,1
778,18,0,44,90,1,1
778,19,1,46,92,0,1
778,20,0,46,101,1,1
778,21,1,51,106,0,1
778,22,0,51,115,1,1
778,23,1,55,119,0,1
778,24,0,55,139,1,1
778,25,2,54,141,1,1
778,26,1,56,143,0,1
778,27,0,56,146,1,1
778,28,1,58,148,0,1
778,29,0,58,179,1,1
780,0,0,0,1,1,1
781,0,0,0,1,1,1
781,1,2,29,40,1,1
781,2,1,30,41,0,1
781,3,0,30,179,1,1
781,4,2,64,219,1,1
781,5,1,66,222,0,1
781,6,0,66,387,1,1
781,7,2,113,440,1,1
781,8,1,113,440,0,1
781,9,0,113,640,1,1
781,10,1,170,697,0,1
781,11,0,170,999,1,1
783,0,0,0,1,1,1
784,0,0,0,1,1,1
785,0,0,0,3,1,1
786,0,0,0,2,1,1
786,1,1,36,38,0,1
786,2,0,36,489,1,1
786,3,1,44,497,0,1
786,4,0,44,661,1,1
786,5,3,48,663,1,1
786,6,3,68,672,1,1
786,7,1,71,674,0,1
786,8,0,71,780,1,1
786,9,3,116,799,1,1
786,10,1,143,825,0,1
786,11,0,143,1017,1,1
786,12,1,145,1019,0,1
786,13,0,145,1021,1,1
786,14,3,172,1031,1,1
787,0,0,0,1,1,1
788,0,0,0,1,1,1
788,1,1,10,11,0,1
788,2,0,10,13,1,1
791,0,0,0,1,1,1
792,0,0,0,1,1,1
794,0,0,0,1,1,1
794,1,1,14,15,0,1
794,2,0,14,123,1,1
796,0,0,0,1,1,1
797,0,0,0,1,1,1
798,0,0,0,2,1,1
798,1,1,10,12,0,1
798,2,2,0,20,0,1
798,3,2,17,51,0,1
798,4,2,38,140,0,1
798,5,1,45,147,0,1
798,6,0,45,186,1,1
798,7,1,50,191,0,1
798,8,0,50,205,1,1
798,9,1,65,220,0,1
798,10,0,65,233,1,1
798,11,1,70,238,0,1
798,12,0,70,250,1,1
798,13,1,80,260,0,1
798,14,0,80,263,1,1
798,15,1,84,267,0,1
798,16,2,75,270,0,1
798,17,1,81,279,0,1
798,18,0,81,285,1,1
799,0,0,0,1,1,1
799,1,1,8,9,0,1
799,2,0,8,17,1,1
799,3,2,0,34,1,1
800,0,0,154,310,1,1
800,1,1,157,313,0,1
801,0,0,0,1,1,1
802,0,0,0,1,1,1
803,0,0,0,1,1,1
804,0,0,0,1,1,1
805,0,0,0,1,1,1
806,0,0,0,1,1,1
807,0,0,0,1,1,1
807,1,1,115,115,0,1
807,2,0,115,339,1,1
808,0,0,0,1,1,1
809,0,0,0,1,1,1
809,1,1,7,8,0,1
809,2,0,7,47,1,1
810,0,0,0,1,1,1
810,1,1,116,116,0,1
810,2,0,116,213,1,1
811,0,0,0,1,1,1
811,1,1,5,6,0,1
811,2,0,5,32,1,1
812,0,0,0,1,1,1
813,0,0,0,1,1,1
814,0,0,0,1,1,1
815,0,0,0,1,1,1
815,1,1,65,65,0,1
815,2,0,65,153,1,1
815,3,1,113,201,0,1
815,4,0,113,225,1,1
815,5,3,149,250,1,1
821,0,0,0,1,1,1
822,0,0,0,1,1,1
822,1,1,41,41,0,1
822,2,0,41,451,1,1
823,0,0,0,1,1,1
823,1,1,6,7,0,1
823,2,0,6,9,1,1
823,3,1,158,160,0,1
823,4,0,158,323,1,1
824,0,0,0,1,1,1
